,total,create,import
0,819.036376953125,631.238037109375,393.30126953125
1,1112.166259765625,631.55078125,526.75927734375
2,1160.491943359375,634.345703125,526.791748046875
3,1536.39794921875,628.08154296875,765.47412109375
4,1551.882568359375,634.27978515625,764.333740234375
5,576.85107421875,98.300537109375,12.734130859375
6,397.4443359375,138.884033203125,0.94091796875
7,729.521484375,110.67724609375,296.930419921875
8,915.29638671875,110.2041015625,545.336181640625
9,857.552978515625,150.755859375,330.603515625
10,710.04931640625,91.166748046875,210.620361328125
11,803.744384765625,70.140625,133.0517578125
12,925.7080078125,48.400390625,184.27880859375
13,498.04541015625,83.25732421875,130.314208984375
14,696.203125,134.482177734375,219.903564453125
15,680.4619140625,101.084228515625,194.238037109375
16,570.5107421875,131.6171875,159.65673828125
17,704.901611328125,103.224365234375,200.4853515625
18,736.4072265625,98.6611328125,219.9287109375
19,567.306884765625,70.61279296875,143.97314453125
20,701.5693359375,149.2822265625,136.07373046875
21,550.975830078125,53.139404296875,159.55224609375
22,533.381103515625,84.155029296875,121.45361328125
23,479.711181640625,180.93115234375,53.646484375
24,497.826416015625,46.501708984375,39.4912109375
25,522.337646484375,39.559814453125,47.049072265625
26,387.397705078125,88.57568359375,65.0703125
27,1367.802734375,83.674560546875,74.769287109375
28,4658.298583984375,61.294921875,89.339599609375
29,3784.508056640625,37.35986328125,63.421630859375
30,4581.662109375,46.123291015625,64.698486328125
31,3668.05859375,103.4501953125,64.884765625
32,317.421142578125,56.752685546875,15.1982421875
33,1000.79345703125,167.019775390625,592.078857421875
34,1555.742431640625,1870.4326171875,952.5126953125
35,1288.236328125,63.792724609375,608.965087890625
36,2111.387451171875,2116.53955078125,1513.549072265625
37,1051.30419921875,63.374755859375,343.35546875
38,695.90771484375,103.603271484375,269.27001953125
39,778.005615234375,197.72900390625,271.31494140625
40,854.261962890625,131.778076171875,331.80908203125
41,633.059326171875,143.910888671875,8.471923828125
42,980.752685546875,127.029541015625,285.44189453125
43,3455.531005859375,101.435302734375,0.439697265625
44,7360.640625,163.919189453125,0.413330078125
45,8453.989501953125,134.7509765625,0.3095703125
46,8990.920166015625,152.473876953125,0.2880859375
47,4162.751953125,108.537353515625,0.42529296875
48,6258.066162109375,2810.732177734375,0.42431640625
49,5790.67724609375,1422.33349609375,0.47802734375
50,7121.449951171875,1249.25927734375,0.444580078125
51,6172.478271484375,1492.5703125,0.288818359375
52,5863.249755859375,971.58544921875,0.288818359375
53,443.1201171875,1947.63623046875,0.36767578125
54,904.10107421875,1827.871826171875,257.072021484375
55,742.585693359375,476.27734375,35.152099609375
56,890.928955078125,998.896728515625,258.476806640625
57,592.864013671875,62.29541015625,8.041748046875
58,658.089599609375,107.25927734375,5.6171875
59,426.093994140625,126.14501953125,7.76171875
60,707.89453125,120.021484375,5.412353515625
61,2678.507080078125,102.78173828125,5.783447265625
62,4011.3701171875,95.6796875,8.315673828125
63,4546.106201171875,67.60009765625,7.42724609375
64,2480.0341796875,149.701904296875,275.64892578125
65,2855.147216796875,1160.688232421875,245.593505859375
66,2848.49658203125,1240.30712890625,257.6484375
67,2099.632568359375,725.20654296875,270.984130859375
68,2650.328857421875,1498.352294921875,227.805419921875
69,1955.817626953125,156.0859375,268.4921875
70,4061.49072265625,89.61328125,86.455078125
71,3980.61474609375,104.4306640625,82.92626953125
72,5309.195068359375,98.201171875,97.47314453125
73,6215.592041015625,52.48046875,272.773681640625
74,534.8544921875,1271.72314453125,70.326171875
75,452.3896484375,1099.017333984375,71.130615234375
76,568.95068359375,1810.06689453125,93.185546875
77,669.379638671875,45.43701171875,88.201416015625
78,629.5712890625,146.875244140625,79.16748046875
79,403.99755859375,59.835205078125,67.503173828125
80,535.03759765625,129.975830078125,70.728759765625
81,503.12451171875,146.5400390625,76.952392578125
82,483.500244140625,98.247802734375,88.938720703125
83,497.188720703125,104.976806640625,79.289794921875
84,700.64599609375,91.043701171875,77.456787109375
85,786.94287109375,57.1533203125,86.249267578125
86,726.879638671875,114.29052734375,89.6142578125
87,696.61328125,158.2431640625,70.02734375
88,651.147705078125,214.338623046875,85.97412109375
89,847.14697265625,122.932861328125,88.616455078125
90,661.904296875,98.170166015625,147.091552734375
91,316.160400390625,99.27099609375,25.161376953125
92,587.316162109375,49.6484375,254.389892578125
93,328.55712890625,76.083740234375,19.310791015625
94,1910.767822265625,160.827880859375,1271.19384765625
95,1417.837646484375,59.998046875,810.4453125
96,526.229248046875,138.074951171875,12.48681640625
97,577.487548828125,126.991455078125,0.159912109375
98,937.64111328125,163.311767578125,12.109619140625
99,444.681640625,78.708984375,0.113037109375
100,341.3896484375,66.2314453125,0.105224609375
101,653.24365234375,66.5517578125,286.495849609375
102,1777.56689453125,205.47998046875,1201.71826171875
103,1544.586669921875,47.16064453125,987.350830078125
104,1845.49267578125,59.6748046875,1204.554443359375
105,1762.743408203125,49.999755859375,1090.846923828125
106,1226.614990234375,34.07373046875,487.136962890625
107,882.905029296875,56.68701171875,426.128662109375
108,868.06298828125,32.880859375,372.093505859375
109,919.706298828125,41.1708984375,376.941650390625
110,1059.24951171875,31.48291015625,392.897705078125
111,1041.7783203125,31.860107421875,415.774169921875
112,819.97998046875,53.172607421875,417.092529296875
113,800.633056640625,59.3916015625,397.90478515625
114,868.68408203125,54.36767578125,395.98388671875
115,924.664306640625,42.73681640625,398.84765625
116,1019.401123046875,44.548828125,437.298828125
117,750.69970703125,38.802490234375,422.26904296875
118,715.32177734375,47.76025390625,406.88134765625
119,747.0654296875,46.078125,390.26318359375
120,931.95166015625,43.17822265625,493.421875
121,858.5859375,69.886474609375,477.461669921875
122,848.003662109375,82.6943359375,394.31689453125
123,829.871826171875,31.9921875,445.408203125
124,884.95947265625,43.70556640625,411.902587890625
125,754.856689453125,55.41064453125,407.509765625
126,983.15380859375,99.90576171875,445.423828125
127,741.443603515625,79.156982421875,400.193603515625
128,733.13525390625,66.6220703125,395.993408203125
129,852.94921875,38.956787109375,429.51318359375
130,886.5830078125,65.800048828125,400.989990234375
131,878.615234375,46.587646484375,411.607421875
132,855.91259765625,71.8740234375,408.8203125
133,738.73828125,39.28759765625,416.534423828125
134,784.141357421875,107.5576171875,376.44189453125
135,807.55712890625,32.716552734375,383.937255859375
136,949.956787109375,75.8125,402.57275390625
137,839.96337890625,55.554931640625,413.676513671875
138,818.35400390625,125.826416015625,409.537109375
139,993.9443359375,93.5361328125,396.9970703125
140,849.356689453125,50.765869140625,403.627197265625
141,997.751220703125,56.33203125,430.150390625
142,1212.566162109375,38.3486328125,414.351318359375
143,900.454833984375,159.4091796875,385.5986328125
144,1043.1279296875,181.21923828125,421.529541015625
145,1058.9560546875,238.696533203125,411.82275390625
146,1071.533203125,142.097412109375,388.461669921875
147,1199.653076171875,128.629638671875,495.8671875
148,938.66552734375,145.62939453125,417.2353515625
149,1089.747802734375,206.5859375,391.214111328125
150,1252.789306640625,63.80615234375,536.39599609375
151,1138.10595703125,93.301513671875,456.537109375
152,1627.22216796875,170.589599609375,531.217529296875
153,808.82177734375,157.353271484375,386.884033203125
154,762.316650390625,91.74072265625,350.79638671875
155,929.566650390625,148.391357421875,353.605224609375
156,1100.95703125,51.916748046875,384.305419921875
157,1305.198974609375,87.01123046875,403.85791015625
158,864.6259765625,201.606689453125,394.79443359375
159,989.73388671875,135.726806640625,465.782958984375
160,1154.784912109375,148.74169921875,442.637451171875
161,1296.49755859375,146.3857421875,479.421630859375
162,1095.16015625,126.378173828125,389.98046875
163,985.931884765625,42.011474609375,395.12744140625
164,1094.696533203125,51.068115234375,353.862060546875
165,835.5009765625,147.697021484375,404.77490234375
166,866.65673828125,199.831787109375,362.8798828125
167,1092.828857421875,163.503173828125,477.714111328125
168,1292.22900390625,167.435302734375,480.1357421875
169,1040.33544921875,81.497314453125,414.437744140625
170,999.98388671875,257.791259765625,444.1728515625
171,1062.985595703125,235.043701171875,399.6787109375
172,1101.729736328125,170.61328125,451.24365234375
173,1024.364990234375,186.254638671875,445.705810546875
174,1082.31787109375,114.990478515625,418.59423828125
175,976.538818359375,91.52587890625,376.282470703125
176,1278.544677734375,175.02197265625,454.78369140625
177,1451.151611328125,139.33447265625,507.661376953125
178,1315.060302734375,124.608642578125,405.8916015625
179,1358.4189453125,111.010498046875,458.635009765625
180,868.297607421875,196.462890625,466.80224609375
181,928.15869140625,209.153076171875,468.720947265625
182,1007.47216796875,84.800048828125,485.656494140625
183,929.43115234375,80.64599609375,431.59814453125
184,1081.23291015625,70.806884765625,512.3916015625
185,835.6630859375,82.3681640625,436.62744140625
186,787.465576171875,68.3125,376.734130859375
187,983.73095703125,38.425537109375,454.47216796875
188,1088.040283203125,49.603515625,396.103271484375
189,1012.20947265625,55.283447265625,477.28564453125
190,865.552001953125,61.640625,453.87939453125
191,708.589599609375,73.63720703125,367.810791015625
192,828.27587890625,69.5146484375,384.2841796875
193,1027.294189453125,51.703369140625,389.975341796875
194,988.378173828125,57.264404296875,411.25927734375
195,798.96875,65.072509765625,448.829345703125
196,910.06005859375,65.921875,421.81640625
197,1301.225830078125,58.1904296875,411.997314453125
198,928.6767578125,65.3232421875,362.413330078125
199,1003.9609375,64.03662109375,453.068115234375
200,844.21826171875,43.38525390625,383.278564453125
201,702.81884765625,553.35986328125,375.930419921875
202,838.275146484375,44.2177734375,443.079833984375
203,716.5478515625,46.10986328125,380.60009765625
204,796.6025390625,39.81494140625,423.892333984375
205,745.908935546875,127.229248046875,435.22021484375
206,742.084228515625,48.9462890625,389.81005859375
207,759.599609375,84.8798828125,401.404052734375
208,935.656005859375,83.403076171875,424.527587890625
209,932.522216796875,48.038330078125,397.29833984375
210,875.56103515625,77.553466796875,443.798095703125
211,812.9140625,43.31396484375,384.4873046875
212,864.75830078125,51.42431640625,430.554443359375
213,877.437744140625,62.126220703125,429.93994140625
214,810.074462890625,44.220703125,425.744140625
215,839.615234375,41.124755859375,408.646484375
216,934.757568359375,46.656494140625,432.956787109375
217,731.941650390625,55.693603515625,406.025634765625
218,914.15380859375,33.12353515625,370.09033203125
219,875.86474609375,31.417724609375,441.837646484375
220,814.396484375,44.579345703125,394.0029296875
221,832.95947265625,89.15283203125,440.6630859375
222,766.501220703125,58.436767578125,391.24462890625
223,1025.13037109375,44.95849609375,412.906005859375
224,1210.7060546875,58.135498046875,435.193603515625
225,674.45751953125,48.296630859375,371.382568359375
226,883.682373046875,44.388671875,465.890869140625
227,874.940185546875,37.7529296875,388.5673828125
228,802.841064453125,47.71337890625,388.55517578125
229,928.42041015625,52.715576171875,452.787353515625
230,857.541015625,136.93310546875,367.877197265625
231,797.607421875,76.68017578125,355.303955078125
232,998.60888671875,51.629638671875,357.020751953125
233,1068.8955078125,45.9111328125,481.8515625
234,1020.40869140625,44.792236328125,499.63818359375
235,904.329345703125,42.8984375,393.731201171875
236,985.966064453125,44.275634765625,436.765625
237,936.239501953125,47.55615234375,402.169677734375
238,878.188720703125,41.136962890625,442.41015625
239,839.654052734375,35.83203125,417.00146484375
240,748.31982421875,53.14013671875,385.673828125
241,678.827880859375,47.733642578125,402.36474609375
242,818.4951171875,45.11181640625,415.54931640625
243,798.596435546875,41.520263671875,379.23828125
244,785.381103515625,51.42724609375,396.68408203125
245,759.94677734375,37.691162109375,422.534912109375
246,784.85009765625,63.40185546875,394.5615234375
247,686.02392578125,41.1904296875,405.802734375
248,730.30322265625,32.481201171875,412.15283203125
249,744.59765625,39.3076171875,403.934326171875
250,696.088623046875,32.984619140625,380.927978515625
251,797.9091796875,36.7861328125,407.664794921875
252,771.223876953125,32.343505859375,373.72021484375
253,657.741455078125,49.4140625,178.1943359375
254,548.985107421875,40.32080078125,2.676513671875
255,495.2197265625,54.7421875,0.841552734375
256,505.472900390625,84.67578125,0.81201171875
257,341.830810546875,67.71484375,1.39306640625
258,392.9853515625,111.862548828125,0.879638671875
259,478.9462890625,92.851806640625,0.289306640625
260,2902.559326171875,40.33447265625,2479.724853515625
261,468.711669921875,121.920166015625,0.302490234375
262,338.03857421875,101.864990234375,11.0556640625
263,390.913818359375,100.31298828125,12.343017578125
264,526.796630859375,70.407470703125,12.502685546875
265,4859.726318359375,37.715087890625,4310.7060546875
266,503.01171875,68.684326171875,16.022216796875
267,438.07177734375,49.3701171875,11.79736328125
268,245.781005859375,66.709228515625,11.074462890625
269,454.02880859375,45.64111328125,16.15185546875
270,351.546875,39.01416015625,45.126708984375
271,451.306884765625,39.928955078125,11.1337890625
272,383.305419921875,35.8466796875,13.760009765625
273,494.2734375,35.691162109375,49.240234375
274,367.0,35.254638671875,54.183349609375
275,394.091796875,66.878173828125,48.13623046875
276,396.098388671875,40.401611328125,53.82861328125
277,325.366943359375,41.2041015625,39.027099609375
278,957.0849609375,35.0185546875,638.445556640625
279,690.025146484375,43.82470703125,281.411865234375
280,673.18896484375,43.24267578125,266.235595703125
281,633.544677734375,37.364501953125,273.21826171875
282,671.744384765625,40.32763671875,259.616455078125
283,610.1962890625,63.48974609375,248.31787109375
284,687.75244140625,63.70361328125,274.73095703125
285,636.638427734375,41.366455078125,243.73828125
286,788.12841796875,34.515625,254.876953125
287,711.74609375,43.3125,279.304443359375
288,669.610595703125,40.249755859375,249.969970703125
289,642.434326171875,38.00390625,261.05859375
290,586.927001953125,49.38427734375,241.879638671875
291,861.96484375,49.78125,291.45654296875
292,915.040771484375,42.0009765625,292.099365234375
293,492.717041015625,59.18701171875,250.75927734375
294,682.236083984375,36.7607421875,270.406494140625
295,731.716796875,33.84619140625,302.76953125
296,640.621337890625,38.6181640625,259.3046875
297,782.188232421875,47.336669921875,288.051025390625
298,774.4462890625,37.031005859375,280.168701171875
299,936.204833984375,29.947509765625,310.780517578125
300,874.929443359375,38.2265625,337.286865234375
301,708.189208984375,41.232666015625,264.0966796875
302,844.552978515625,41.10986328125,298.548095703125
303,536.359130859375,86.5703125,235.765625
304,666.864013671875,42.6787109375,281.187255859375
305,724.979248046875,49.96728515625,276.42724609375
306,604.78857421875,33.443603515625,238.88330078125
307,629.966552734375,35.245361328125,262.164794921875
308,696.028564453125,42.3173828125,271.839599609375
309,717.7294921875,36.639892578125,248.679931640625
310,782.44189453125,33.1494140625,270.356689453125
311,658.29931640625,38.16796875,262.045654296875
312,598.58740234375,34.330322265625,281.578125
313,779.95068359375,49.399169921875,285.861328125
314,639.861572265625,47.087646484375,266.614990234375
315,882.82275390625,45.203857421875,284.55078125
316,652.551513671875,36.756591796875,272.4912109375
317,734.375732421875,31.788818359375,280.2255859375
318,659.0986328125,42.088623046875,270.614013671875
319,660.785400390625,38.396484375,265.257568359375
320,542.5166015625,88.709228515625,260.559814453125
321,625.360595703125,117.486572265625,251.20849609375
322,819.60107421875,35.901611328125,266.113525390625
323,703.73828125,55.0,279.83837890625
324,691.04296875,33.05712890625,263.832763671875
325,677.345947265625,35.433349609375,275.9990234375
326,767.328857421875,41.86572265625,285.06884765625
327,659.01318359375,55.7470703125,275.86279296875
328,691.2275390625,31.182861328125,290.81591796875
329,606.044677734375,51.20263671875,269.41162109375
330,643.669921875,38.22021484375,241.997802734375
331,714.431640625,47.772216796875,254.148193359375
332,692.623779296875,42.737060546875,272.29345703125
333,700.769775390625,42.8349609375,260.231689453125
334,633.640869140625,51.27392578125,273.876953125
335,670.5087890625,52.991455078125,275.148681640625
336,654.693603515625,90.5771484375,268.49609375
337,670.82421875,49.007568359375,299.25927734375
338,712.921875,46.2998046875,235.27490234375
339,612.828857421875,35.3935546875,258.6494140625
340,574.26025390625,62.494140625,274.026611328125
341,736.32958984375,57.160888671875,291.099365234375
342,701.498046875,40.75,271.586669921875
343,652.656005859375,53.1728515625,293.244384765625
344,686.980712890625,42.447265625,302.4052734375
345,651.427001953125,55.11474609375,266.11962890625
346,607.20166015625,45.48779296875,246.32861328125
347,584.10302734375,35.05126953125,241.916259765625
348,733.3857421875,33.954833984375,304.3671875
349,765.541015625,44.827880859375,285.063232421875
350,694.421630859375,32.924072265625,289.64404296875
351,768.8447265625,35.048095703125,252.578857421875
352,710.37841796875,67.259521484375,273.238525390625
353,574.2109375,46.4130859375,249.1064453125
354,792.4638671875,37.294189453125,283.820556640625
355,665.02294921875,30.10498046875,279.90283203125
356,702.1728515625,37.956787109375,279.790771484375
357,700.009521484375,37.713623046875,343.78662109375
358,793.267822265625,38.855224609375,360.457763671875
359,645.021728515625,35.3486328125,274.864501953125
360,714.36669921875,32.5126953125,294.3369140625
361,588.78564453125,40.60595703125,257.140869140625
362,596.794921875,63.884521484375,272.970703125
363,671.891845703125,81.715576171875,275.101318359375
364,693.787353515625,47.578369140625,270.004150390625
365,681.01318359375,33.399658203125,265.62841796875
366,551.834716796875,38.95751953125,259.5380859375
367,610.843017578125,37.5,256.97119140625
368,519.884521484375,100.712646484375,261.50732421875
369,698.5498046875,42.18994140625,274.55908203125
370,678.90380859375,50.427734375,280.041748046875
371,601.7763671875,35.729736328125,235.40576171875
372,715.122802734375,36.68359375,276.638671875
373,780.74951171875,36.164306640625,286.87744140625
374,596.017822265625,38.50732421875,265.535400390625
375,634.573974609375,51.67041015625,266.559814453125
376,777.364013671875,89.9658203125,270.946533203125
377,655.27392578125,41.974609375,275.643798828125
378,680.3603515625,98.915283203125,238.071533203125
379,638.405029296875,39.4580078125,244.9189453125
380,684.974609375,48.046875,274.15966796875
381,632.45751953125,42.677734375,245.028564453125
382,619.389404296875,33.790283203125,286.183837890625
383,603.637939453125,37.35693359375,268.043212890625
384,704.741455078125,47.897216796875,281.8740234375
385,641.5,78.616455078125,245.075927734375
386,746.952392578125,44.71826171875,250.885498046875
387,585.377685546875,41.591796875,236.556396484375
388,600.602783203125,69.423583984375,258.543701171875
389,723.082763671875,49.944091796875,277.171142578125
390,669.52734375,38.115478515625,272.5595703125
391,679.2919921875,34.8408203125,275.410888671875
392,568.4990234375,32.135498046875,254.350341796875
393,635.149169921875,36.928955078125,262.156005859375
394,649.088134765625,37.140869140625,315.977783203125
395,712.78125,128.3642578125,294.77587890625
396,866.216796875,45.371826171875,335.844482421875
397,712.7255859375,46.054931640625,265.437744140625
398,689.35791015625,46.21142578125,279.4638671875
399,877.7724609375,33.77490234375,254.77734375
400,1010.374267578125,32.469970703125,276.60986328125
401,1020.55078125,41.533935546875,271.783203125
402,333.41162109375,35.08203125,14.959228515625
403,378.45751953125,47.14794921875,10.8125
404,651.53564453125,49.029296875,281.3994140625
405,433.87109375,48.78125,15.4384765625
406,498.53173828125,97.29150390625,8.532958984375
407,297.786376953125,102.333984375,9.17041015625
408,392.699951171875,44.468994140625,32.378173828125
409,405.739990234375,44.765380859375,0.15625
410,549.117919921875,67.399658203125,22.770751953125
411,405.19091796875,36.82470703125,0.431396484375
412,437.078125,34.280517578125,19.70703125
413,1767.371826171875,39.521484375,1249.21484375
414,456.37109375,46.877197265625,5.621826171875
415,473.720458984375,34.6005859375,0.447021484375
416,642.19873046875,45.1025390625,74.63232421875
417,668.077392578125,41.55078125,120.353515625
418,562.7900390625,51.07861328125,64.628173828125
419,565.070556640625,46.725341796875,173.4990234375
420,543.140625,31.97607421875,91.611083984375
421,276.56884765625,50.1943359375,1.296142578125
422,541.034423828125,50.182373046875,91.507080078125
423,305.6630859375,58.832275390625,3.0185546875
424,555.360107421875,46.5986328125,182.829833984375
425,956.661376953125,35.785400390625,556.43359375
426,322.60693359375,74.365478515625,2.961181640625
427,337.328857421875,39.14453125,1.89404296875
428,791.762451171875,77.578369140625,224.643310546875
429,475.826416015625,81.491943359375,62.532470703125
430,521.668701171875,37.105712890625,64.26416015625
431,443.369384765625,81.67919921875,84.391845703125
432,547.916015625,41.148681640625,85.401123046875
433,623.7392578125,41.503662109375,77.466796875
434,396.40283203125,53.70556640625,76.98095703125
435,428.148681640625,43.83642578125,40.637451171875
436,435.799560546875,56.94970703125,82.74072265625
437,511.3701171875,38.752197265625,2.6279296875
438,586.76513671875,44.877197265625,3.631591796875
439,513.771728515625,118.2607421875,0.46533203125
440,523.496826171875,126.0048828125,0.10205078125
441,407.622802734375,38.40966796875,0.160400390625
442,844.068115234375,38.57080078125,420.901611328125
443,309.58935546875,39.724853515625,0.157470703125
444,385.12353515625,42.1708984375,0.10498046875
445,333.962646484375,34.834228515625,0.102783203125
446,472.82861328125,42.98828125,130.3828125
447,350.68115234375,41.109130859375,64.777099609375
448,431.697998046875,41.576904296875,94.744140625
449,384.552978515625,39.404541015625,60.048095703125
450,908.306396484375,33.904052734375,497.408203125
451,347.906494140625,37.008056640625,43.025146484375
452,518.859619140625,49.16259765625,46.77587890625
453,479.95263671875,35.0673828125,55.880859375
454,610.3310546875,37.11767578125,49.751953125
455,406.5283203125,36.720703125,38.513427734375
456,443.896728515625,73.177978515625,52.516845703125
457,445.2158203125,34.3486328125,44.48876953125
458,460.34228515625,43.689453125,45.39208984375
459,385.332763671875,37.209228515625,51.815673828125
460,456.39013671875,52.8857421875,50.111083984375
461,442.7001953125,38.746826171875,46.1796875
462,365.302734375,94.901611328125,46.524169921875
463,518.79833984375,127.885498046875,45.9267578125
464,497.488525390625,30.9501953125,46.3408203125
465,442.801025390625,30.641357421875,47.91796875
466,592.05419921875,30.10888671875,38.146728515625
467,493.3095703125,36.59716796875,54.088623046875
468,440.021484375,33.73095703125,37.365966796875
469,403.752685546875,37.076171875,38.26806640625
470,424.976806640625,31.19775390625,37.981689453125
471,460.51318359375,34.924072265625,47.10986328125
472,415.814453125,46.230224609375,51.56689453125
473,534.702392578125,72.184814453125,42.137939453125
474,371.4326171875,28.356689453125,53.282958984375
475,547.256591796875,37.048828125,54.1650390625
476,530.609619140625,77.466796875,50.83447265625
477,403.793701171875,41.110107421875,47.42431640625
478,306.924560546875,68.027099609375,44.370849609375
479,513.44384765625,29.020263671875,50.094970703125
480,556.885498046875,33.46728515625,47.98388671875
481,702.34521484375,56.5986328125,47.831787109375
482,502.635009765625,37.234130859375,43.8662109375
483,421.2900390625,33.230712890625,54.013916015625
484,408.772216796875,31.73193359375,39.329345703125
485,482.438232421875,35.418212890625,60.028076171875
486,571.68310546875,39.7470703125,55.842041015625
487,424.702392578125,33.77490234375,45.68017578125
488,456.590087890625,40.291259765625,51.17236328125
489,437.549560546875,33.265625,47.068359375
490,743.770751953125,35.70556640625,52.2578125
491,705.05810546875,49.452392578125,43.663330078125
492,415.742431640625,33.737548828125,39.58740234375
493,533.967041015625,37.005615234375,53.091064453125
494,437.2412109375,45.08154296875,47.544189453125
495,434.770263671875,36.4091796875,52.914306640625
496,456.695556640625,105.594482421875,57.570068359375
497,466.286865234375,64.50732421875,47.273193359375
498,539.8330078125,30.95458984375,45.586669921875
499,421.386474609375,31.180908203125,19.5673828125
500,500.264892578125,45.865234375,51.973876953125
501,395.142333984375,50.165283203125,11.609619140625
502,410.662353515625,78.273681640625,13.34521484375
503,438.66162109375,40.01318359375,16.334228515625
504,497.221923828125,39.091064453125,13.022216796875
505,517.723388671875,33.792724609375,15.883056640625
506,567.206787109375,44.318359375,14.94091796875
507,303.7529296875,30.527587890625,12.687744140625
508,352.30859375,37.995849609375,16.13525390625
509,363.1279296875,42.931884765625,12.6201171875
510,376.33984375,47.779541015625,12.61767578125
511,325.65283203125,38.228759765625,11.599365234375
512,382.732177734375,57.74609375,14.9794921875
513,534.618896484375,38.00146484375,13.927978515625
514,509.821533203125,42.24267578125,17.349609375
515,620.49609375,40.447265625,117.247802734375
516,804.265869140625,50.453125,346.9248046875
517,333.360107421875,42.090087890625,1.133056640625
518,652.299072265625,50.48779296875,1.35302734375
519,713.54638671875,57.585205078125,295.4921875
520,539.0810546875,48.330810546875,12.1533203125
521,441.5458984375,39.94140625,101.92724609375
522,467.009521484375,43.341796875,14.674072265625
523,394.4013671875,66.341064453125,0.183349609375
524,303.216796875,49.66748046875,0.159423828125
525,365.768798828125,35.508544921875,0.946533203125
526,556.369384765625,42.0595703125,1.31787109375
527,432.61572265625,44.025634765625,1.17529296875
528,364.873046875,69.369384765625,0.807373046875
529,378.932373046875,37.5419921875,1.3486328125
530,300.3974609375,33.414794921875,9.107421875
531,391.207275390625,37.404296875,0.910888671875
532,630.039306640625,32.829345703125,230.0498046875
533,850.43896484375,36.3798828125,410.634033203125
534,918.341064453125,38.1826171875,432.2958984375
535,424.70947265625,44.892822265625,82.265625
536,374.1015625,39.8681640625,76.001220703125
537,287.3779296875,45.0361328125,0.001953125
538,713.473388671875,54.224609375,0.00146484375
539,779.71533203125,72.49853515625,359.79736328125
540,428.860107421875,38.296142578125,51.724853515625
541,450.3876953125,45.494384765625,59.330322265625
542,845.740966796875,124.031005859375,377.34521484375
543,665.973876953125,101.64306640625,317.236083984375
544,591.5849609375,72.315185546875,207.404541015625
545,533.755859375,35.519775390625,140.958740234375
546,549.55810546875,38.16259765625,84.737060546875
547,478.26708984375,77.027099609375,81.49853515625
548,454.298828125,38.109619140625,77.127197265625
549,401.144287109375,34.904052734375,77.986328125
550,460.659912109375,47.5087890625,93.4306640625
551,569.681640625,39.48876953125,73.58251953125
552,606.314697265625,32.107421875,95.20556640625
553,412.126953125,46.10400390625,66.810546875
554,542.35009765625,39.7265625,81.58251953125
555,578.137939453125,36.135498046875,91.37841796875
556,525.490966796875,68.882080078125,73.029052734375
557,483.8408203125,41.028076171875,70.373779296875
558,567.863525390625,118.00927734375,79.77294921875
559,472.218994140625,33.61083984375,67.23828125
560,421.572265625,34.433837890625,84.417236328125
561,418.782958984375,95.8447265625,63.7177734375
562,542.80712890625,35.42919921875,84.33203125
563,645.271240234375,34.875,76.814453125
564,426.0947265625,37.1435546875,87.8671875
565,486.747314453125,61.413818359375,79.516845703125
566,439.5693359375,35.828369140625,81.53173828125
567,412.787841796875,72.736083984375,76.241943359375
568,464.344482421875,97.96044921875,74.119140625
569,351.680908203125,37.6787109375,77.47998046875
570,481.53271484375,32.0634765625,95.001708984375
571,340.76513671875,46.177978515625,64.56640625
572,341.402587890625,41.515380859375,0.18310546875
573,423.809814453125,30.01513671875,84.82177734375
574,493.823486328125,42.19287109375,58.031982421875
575,583.35107421875,41.70263671875,326.38720703125
576,332.4775390625,57.0224609375,39.1640625
577,325.24169921875,32.83447265625,37.585205078125
578,483.93310546875,44.386474609375,9.249267578125
579,617.4619140625,50.01123046875,200.33984375
580,681.781494140625,41.70947265625,244.6845703125
581,631.97412109375,72.418701171875,263.29296875
582,522.511962890625,64.92919921875,94.359619140625
583,422.6103515625,33.20263671875,88.498046875
584,522.09326171875,48.418701171875,200.22216796875
585,447.2080078125,35.74072265625,105.781494140625
586,430.4306640625,55.904296875,8.64306640625
587,488.011962890625,45.191650390625,83.012451171875
588,389.0390625,46.0146484375,47.273193359375
589,360.42626953125,40.87060546875,0.16650390625
590,484.24462890625,49.169677734375,0.11181640625
591,423.74560546875,46.421142578125,0.153076171875
592,273.5693359375,35.21826171875,0.100341796875
593,516.422119140625,44.61181640625,109.90185546875
594,449.95166015625,83.93896484375,59.70849609375
595,767.404541015625,110.0029296875,289.821533203125
596,1357.8544921875,44.477294921875,925.501220703125
597,505.06298828125,35.872802734375,57.71826171875
598,348.881103515625,99.939697265625,2.45458984375
599,396.76806640625,48.586181640625,3.087158203125
600,521.660400390625,61.92919921875,0.18798828125
601,507.589599609375,40.948486328125,87.333984375
602,592.53125,57.427001953125,178.994873046875
603,928.81103515625,37.5927734375,430.565673828125
604,569.900146484375,33.4619140625,184.760498046875
605,577.291748046875,69.867431640625,284.041748046875
606,780.419921875,71.69287109375,287.7958984375
607,339.22900390625,40.463623046875,0.32275390625
608,667.33056640625,42.13427734375,249.08447265625
609,900.8828125,39.50537109375,281.373046875
610,608.502197265625,43.498046875,189.338134765625
611,436.031982421875,53.642578125,98.857421875
612,561.305908203125,30.590087890625,133.156005859375
613,628.32470703125,102.878173828125,128.52783203125
614,545.5830078125,69.495361328125,104.5478515625
615,650.251220703125,35.397705078125,214.59521484375
616,770.53369140625,38.590087890625,221.825439453125
617,523.97021484375,37.804931640625,0.16162109375
618,620.598876953125,98.24169921875,121.79150390625
619,434.56201171875,49.385986328125,0.212158203125
620,478.6171875,38.357177734375,0.159912109375
621,472.802001953125,32.516845703125,0.1748046875
622,800.574462890625,52.911376953125,257.75
623,919.514404296875,40.00439453125,507.9462890625
624,448.167724609375,32.917724609375,0.160888671875
625,410.453125,47.15869140625,11.5078125
626,446.91162109375,51.1396484375,8.80908203125
627,394.24560546875,46.12646484375,12.49072265625
628,374.497802734375,32.84814453125,50.8603515625
629,464.046630859375,41.012451171875,19.151611328125
630,550.06298828125,125.363037109375,297.9697265625
631,545.703369140625,37.94384765625,152.52294921875
632,385.89453125,54.694580078125,75.322021484375
633,989.7353515625,51.289794921875,654.5654296875
634,937.498779296875,31.70263671875,521.04638671875
635,389.0390625,39.8173828125,101.597900390625
636,342.779296875,35.164306640625,8.72021484375
637,416.5634765625,33.60498046875,3.132568359375
638,1296.397705078125,40.003662109375,896.93603515625
639,1247.3486328125,37.857177734375,919.948486328125
640,627.263671875,49.015380859375,144.7255859375
641,456.168212890625,48.4130859375,81.8076171875
642,679.380126953125,49.52001953125,137.124755859375
643,821.305419921875,39.130615234375,300.6962890625
644,542.84521484375,30.397216796875,123.038818359375
645,690.078125,45.961669921875,132.715087890625
646,521.7216796875,68.338623046875,120.98974609375
647,393.264892578125,112.056396484375,133.988525390625
648,636.022216796875,47.210205078125,120.84619140625
649,539.896240234375,43.01318359375,92.108154296875
650,787.66162109375,59.303466796875,129.700439453125
651,408.4638671875,36.011962890625,47.275146484375
652,431.9697265625,47.370849609375,51.2275390625
653,615.673583984375,46.283203125,50.294189453125
654,641.48828125,35.37451171875,54.539306640625
655,716.223876953125,38.998291015625,0.505859375
656,383.265625,42.548583984375,0.502197265625
657,386.545166015625,36.678955078125,0.306884765625
658,547.27197265625,50.568115234375,0.480224609375
659,330.494384765625,112.294677734375,11.72900390625
660,365.338623046875,49.871826171875,74.0576171875
661,538.3154296875,40.296875,93.634521484375
662,646.886474609375,45.41796875,266.6826171875
663,601.747314453125,170.48681640625,259.658935546875
664,697.1181640625,49.009521484375,288.908203125
665,721.96484375,68.45947265625,255.442138671875
666,423.55419921875,42.3388671875,98.53466796875
667,577.2255859375,41.71044921875,106.2080078125
668,554.00390625,38.843994140625,95.3671875
669,492.425537109375,101.027099609375,104.898193359375
670,442.00830078125,80.03515625,107.620849609375
671,386.8203125,77.047607421875,102.359375
672,571.31640625,52.302734375,102.6015625
673,421.085693359375,35.038818359375,88.06298828125
674,573.897705078125,114.83935546875,99.362060546875
675,554.172119140625,45.096923828125,99.01123046875
676,575.750732421875,37.3681640625,100.75830078125
677,536.25,36.611328125,109.3896484375
678,408.27587890625,39.149658203125,0.43505859375
679,421.41748046875,88.33203125,43.399658203125
680,409.10791015625,71.850830078125,0.298828125
681,442.24072265625,77.935546875,51.0556640625
682,525.201416015625,34.8662109375,48.86083984375
683,422.21044921875,65.297119140625,45.1611328125
684,462.166259765625,63.501220703125,38.490966796875
685,384.357666015625,49.243408203125,52.72119140625
686,384.2890625,45.4345703125,47.462158203125
687,592.447021484375,54.566162109375,131.44384765625
688,443.12939453125,86.5087890625,5.833740234375
689,381.19091796875,46.484375,1.295654296875
690,877.228271484375,68.0986328125,454.577880859375
691,573.851318359375,51.326416015625,77.7724609375
692,1019.585693359375,79.6513671875,540.228271484375
693,473.839111328125,44.682373046875,60.4609375
694,484.015869140625,36.567138671875,203.02734375
695,576.674560546875,111.269287109375,0.119140625
696,476.46435546875,60.17919921875,0.177734375
697,603.4482421875,57.02294921875,8.524658203125
698,404.826171875,42.40380859375,0.37451171875
699,361.982421875,37.139404296875,0.546142578125
700,419.810546875,67.242919921875,46.519775390625
701,350.5361328125,42.019287109375,37.593505859375
702,337.14453125,48.720703125,59.85498046875
703,458.531005859375,49.724609375,54.633544921875
704,564.407958984375,68.291259765625,59.499267578125
705,386.037353515625,79.467529296875,0.0009765625
706,437.7890625,37.68408203125,45.714599609375
707,543.362548828125,36.49267578125,91.685546875
708,467.437255859375,32.855224609375,109.855224609375
709,647.0849609375,43.98828125,96.4453125
710,370.762451171875,67.1533203125,2.55029296875
711,497.1328125,48.675048828125,2.399169921875
712,459.7060546875,64.510009765625,2.40283203125
713,358.380859375,57.038330078125,1.71728515625
714,386.62353515625,49.522216796875,2.05517578125
715,439.237548828125,36.096923828125,2.248779296875
716,329.295166015625,50.138427734375,1.74609375
717,427.099609375,66.547119140625,1.779541015625
718,326.612060546875,46.1220703125,2.09619140625
719,600.393310546875,52.150146484375,82.90625
720,500.029296875,77.261962890625,65.420166015625
721,481.474609375,35.592529296875,72.07666015625
722,438.288818359375,64.79052734375,80.06103515625
723,519.78125,88.977294921875,78.85498046875
724,515.5419921875,97.965087890625,68.546630859375
725,482.479736328125,39.760498046875,0.4443359375
726,368.229736328125,38.305419921875,86.357177734375
727,614.93994140625,38.187744140625,66.235107421875
728,471.645751953125,72.2998046875,83.874755859375
729,483.926513671875,41.833740234375,0.104248046875
730,1277.874267578125,45.458251953125,760.117919921875
731,897.745849609375,27.829345703125,344.435302734375
732,1068.240966796875,37.0830078125,702.20458984375
733,427.427001953125,49.609130859375,83.53076171875
734,528.34716796875,35.3994140625,161.97265625
735,876.473876953125,35.053955078125,550.290283203125
736,960.436767578125,35.92236328125,542.074951171875
737,508.107421875,34.0244140625,86.401123046875
738,827.72412109375,46.54345703125,330.8212890625
739,486.956787109375,114.25634765625,84.21875
740,354.8486328125,36.672607421875,98.687255859375
741,709.05224609375,33.121826171875,394.11474609375
742,1158.292724609375,44.107421875,780.492431640625
743,447.14794921875,43.638671875,85.417724609375
744,1053.40380859375,49.275146484375,470.613525390625
745,828.512939453125,34.197265625,419.722412109375
746,322.767333984375,44.86962890625,0.0009765625
747,572.85888671875,49.9501953125,221.161376953125
748,535.072021484375,40.9111328125,80.213623046875
749,388.07080078125,35.24462890625,15.465576171875
750,520.136474609375,31.24755859375,88.597412109375
751,391.24169921875,45.0419921875,84.45556640625
752,359.094970703125,31.19873046875,97.13330078125
753,428.6630859375,45.971435546875,75.420166015625
754,1236.727294921875,32.968994140625,764.510498046875
755,948.77001953125,37.085205078125,594.386962890625
756,1262.236083984375,43.1318359375,796.810791015625
757,449.433837890625,53.40966796875,0.3095703125
758,391.07080078125,38.23291015625,2.19189453125
759,281.188720703125,37.9091796875,0.25537109375
760,270.233642578125,96.56884765625,2.07861328125
761,386.387939453125,56.274169921875,119.728271484375
762,265.149658203125,36.9052734375,0.0712890625
763,437.079833984375,37.18505859375,0.00048828125
764,492.578369140625,36.021484375,57.515380859375
765,982.132080078125,62.35693359375,354.441650390625
766,536.242919921875,41.2529296875,282.041259765625
767,668.629150390625,74.066162109375,318.19482421875
768,292.733642578125,44.5029296875,11.38671875
769,475.251220703125,28.955322265625,9.85693359375
770,382.40087890625,41.7978515625,13.562744140625
771,352.400634765625,68.907958984375,11.478515625
772,1346.86083984375,29.592041015625,893.597412109375
773,311.0234375,50.053466796875,0.168701171875
774,494.857666015625,43.079345703125,0.158203125
775,529.111083984375,39.69873046875,84.785888671875
776,632.8623046875,32.669189453125,80.6337890625
777,628.370361328125,104.282470703125,67.918212890625
778,500.84130859375,43.825927734375,168.764892578125
779,854.7099609375,169.728759765625,268.604248046875
780,423.162109375,46.283203125,10.836181640625
781,745.8212890625,66.229248046875,286.462646484375
782,376.50439453125,34.290771484375,0.198486328125
783,367.0595703125,32.0703125,1.20068359375
784,552.881103515625,46.428955078125,1.271484375
785,569.60302734375,32.226318359375,0.816650390625
786,350.449462890625,35.009765625,0.8037109375
787,431.0771484375,33.098876953125,12.244873046875
788,553.728759765625,30.47412109375,55.243408203125
789,412.924072265625,40.07470703125,0.00146484375
790,526.339111328125,37.5634765625,79.617431640625
791,501.777587890625,30.97216796875,11.937744140625
792,339.51953125,31.368408203125,0.10693359375
793,476.623779296875,31.693115234375,29.777587890625
794,456.50146484375,67.045166015625,52.34716796875
795,416.593994140625,64.66796875,30.8583984375
796,522.04443359375,43.52587890625,172.438232421875
797,620.96875,48.646240234375,165.38916015625
798,696.16162109375,34.138916015625,110.230712890625
799,570.80419921875,52.39404296875,95.781005859375
800,704.59765625,34.544677734375,285.846435546875
801,352.896728515625,47.361328125,2.199951171875
802,451.369384765625,36.265869140625,98.21142578125
803,642.11865234375,51.5849609375,256.814697265625
804,392.494873046875,46.506591796875,113.569580078125
805,543.694091796875,42.31591796875,137.37890625
806,535.25634765625,48.251708984375,128.01220703125
807,453.52001953125,92.174560546875,39.49951171875
808,782.624755859375,60.95751953125,126.995849609375
809,601.959716796875,47.360107421875,270.2236328125
810,1038.9482421875,37.111572265625,314.12109375
811,530.744873046875,82.113525390625,0.378662109375
812,446.03466796875,51.789794921875,0.225341796875
813,588.48681640625,50.87939453125,0.23974609375
814,644.919921875,346.4638671875,0.33935546875
815,603.6484375,51.693603515625,16.39453125
816,459.607421875,40.95849609375,0.794677734375
817,710.476806640625,57.340576171875,60.232177734375
818,512.12353515625,48.71630859375,7.48291015625
819,483.753662109375,35.68408203125,91.03173828125
820,493.482177734375,31.726318359375,1.3232421875
821,613.859375,98.20751953125,38.14794921875
822,612.328369140625,30.136962890625,271.085693359375
823,384.951416015625,34.774169921875,0.0009765625
824,574.686767578125,40.5859375,133.24462890625
825,1014.84814453125,42.326904296875,268.839111328125
826,681.53955078125,93.456787109375,270.802734375
827,709.859130859375,31.160888671875,271.154541015625
828,468.17138671875,42.137451171875,84.510986328125
829,669.74365234375,43.976806640625,310.287353515625
830,735.470458984375,38.64013671875,219.40087890625
831,383.5,98.870849609375,86.604248046875
832,660.3359375,177.61279296875,226.19873046875
833,483.754638671875,32.89013671875,99.253662109375
834,764.426025390625,34.7568359375,429.157958984375
835,712.414306640625,32.300048828125,303.86572265625
836,481.277587890625,133.056884765625,100.90771484375
837,484.88818359375,36.913330078125,102.96875
838,280.544921875,31.301025390625,18.978515625
839,496.281982421875,40.34814453125,34.5693359375
840,1146.87451171875,43.583251953125,621.486083984375
841,457.289306640625,51.112548828125,125.2021484375
842,679.91015625,33.18212890625,99.906982421875
843,691.05517578125,36.25732421875,119.2412109375
844,403.375,68.4814453125,52.753662109375
845,725.635498046875,40.299560546875,375.35888671875
846,522.651123046875,276.441650390625,44.103759765625
847,529.675537109375,38.57763671875,53.118408203125
848,574.45068359375,34.25830078125,74.501220703125
849,572.00830078125,43.529541015625,83.879638671875
850,554.4814453125,41.979736328125,96.776611328125
851,604.824462890625,30.64794921875,101.15966796875
852,464.71728515625,33.93212890625,186.284423828125
853,626.6484375,51.7783203125,147.757080078125
854,586.33544921875,46.3701171875,79.446044921875
855,401.3173828125,34.234619140625,37.8115234375
856,515.330322265625,46.70849609375,127.806396484375
857,453.9423828125,32.031494140625,117.258056640625
858,589.322021484375,35.64306640625,125.604248046875
859,1330.214111328125,32.412841796875,811.892822265625
860,644.456298828125,44.30712890625,135.660400390625
861,552.44873046875,44.882568359375,141.951171875
862,663.547119140625,38.161376953125,131.482177734375
863,644.833984375,50.003662109375,127.931640625
864,462.96923828125,39.119140625,91.30810546875
865,537.236572265625,46.3916015625,139.42724609375
866,445.64306640625,41.00341796875,67.6650390625
867,715.09326171875,77.08447265625,364.653076171875
868,492.167236328125,46.45166015625,12.34912109375
869,599.853759765625,33.924072265625,11.610107421875
870,1257.4775390625,34.43603515625,570.788330078125
871,361.26318359375,120.869873046875,12.686279296875
872,343.3505859375,48.73095703125,37.780029296875
873,588.62646484375,44.23779296875,45.057861328125
874,502.65478515625,39.7548828125,45.632568359375
875,605.074951171875,45.115966796875,38.05419921875
876,528.0576171875,46.794189453125,42.1796875
877,373.32568359375,38.215576171875,35.488037109375
878,376.59375,38.627685546875,0.001220703125
879,315.614990234375,100.157470703125,20.0234375
880,289.533203125,54.944580078125,0.000732421875
881,885.348876953125,37.953125,403.65234375
882,530.28125,41.599365234375,0.16943359375
883,976.028564453125,35.055419921875,383.678466796875
884,601.87060546875,38.49462890625,88.7919921875
885,475.28564453125,39.893310546875,89.00732421875
886,591.0712890625,35.566650390625,203.877685546875
887,722.078857421875,37.23681640625,213.9912109375
888,491.568359375,42.13330078125,0.000732421875
889,705.811767578125,43.790283203125,192.349853515625
890,1042.99072265625,36.134765625,545.0390625
891,237.32421875,38.217041015625,0.000732421875
892,630.01220703125,35.9375,187.68017578125
893,528.45947265625,34.71923828125,157.4033203125
894,647.488525390625,34.434326171875,247.9111328125
895,701.4296875,36.694091796875,194.39892578125
896,701.86083984375,44.871337890625,181.425048828125
897,561.82861328125,42.1328125,191.637939453125
898,390.77099609375,26.91259765625,135.934326171875
899,568.7041015625,28.0791015625,133.517578125
900,438.701171875,90.740234375,153.048583984375
901,900.57080078125,41.7001953125,451.053466796875
902,553.724365234375,36.625244140625,193.193359375
903,536.406494140625,95.4697265625,194.288330078125
904,579.979736328125,31.862548828125,155.63525390625
905,647.319091796875,33.624267578125,227.671630859375
906,558.580810546875,32.3037109375,206.324462890625
907,516.86474609375,46.0634765625,108.73095703125
908,582.43310546875,36.805419921875,135.6416015625
909,543.574951171875,68.324951171875,106.05419921875
910,784.94775390625,84.712158203125,224.237548828125
911,532.413330078125,34.995361328125,151.892822265625
912,658.083740234375,54.05322265625,267.418701171875
913,680.441162109375,37.146484375,297.072021484375
914,493.92919921875,33.217529296875,53.5439453125
915,646.897705078125,33.540283203125,138.23876953125
916,603.828857421875,37.764892578125,7.04541015625
917,418.36962890625,34.851318359375,77.41748046875
918,480.98583984375,39.0,93.62841796875
919,727.82177734375,33.3857421875,294.037109375
920,556.446533203125,31.738037109375,180.650390625
921,740.97705078125,31.43505859375,315.6708984375
922,575.558349609375,66.9716796875,121.581787109375
923,454.936767578125,76.822998046875,130.94091796875
924,551.169189453125,54.942626953125,126.68408203125
925,545.521240234375,40.19140625,131.66748046875
926,533.244140625,28.90966796875,128.08642578125
927,329.407470703125,31.75,0.10888671875
928,538.5576171875,35.37255859375,125.478759765625
929,669.081787109375,40.70166015625,197.663330078125
930,264.74609375,37.46337890625,8.2587890625
931,355.17626953125,31.77490234375,0.158447265625
932,329.1484375,36.651123046875,3.352294921875
933,385.67138671875,29.540283203125,114.9404296875
934,402.87841796875,43.9677734375,1.7470703125
935,374.4736328125,107.947509765625,2.6162109375
936,469.619384765625,44.96630859375,27.788818359375
937,529.987060546875,36.90283203125,27.62255859375
938,578.58056640625,63.344970703125,105.869140625
939,2220.0537109375,68.243408203125,1682.036376953125
940,317.191162109375,66.839111328125,44.001708984375
941,558.6044921875,72.47265625,69.51123046875
942,340.39208984375,51.53125,47.224609375
943,317.588623046875,52.09033203125,43.101806640625
944,529.75146484375,53.29541015625,117.9462890625
945,1006.411376953125,56.64794921875,441.540283203125
946,617.700439453125,57.1845703125,134.273681640625
947,633.149658203125,90.971435546875,49.566650390625
948,456.08349609375,32.60595703125,83.73828125
949,425.218017578125,52.605712890625,68.17529296875
950,570.0517578125,67.603515625,291.55078125
951,679.01171875,34.51318359375,262.52001953125
952,500.34619140625,31.034423828125,109.486083984375
953,563.93603515625,42.906005859375,108.012451171875
954,493.45947265625,41.872314453125,87.33984375
955,312.671875,48.21630859375,0.335693359375
956,345.333984375,38.582275390625,10.26708984375
957,765.958740234375,40.69091796875,361.100830078125
958,495.960693359375,46.70361328125,104.326416015625
959,531.78662109375,42.39990234375,128.30712890625
960,445.509521484375,40.0849609375,121.32666015625
961,579.295654296875,42.51806640625,244.8740234375
962,545.870849609375,60.24267578125,152.91796875
963,426.7607421875,40.19921875,119.341796875
964,390.704345703125,38.18359375,14.331298828125
965,387.657470703125,35.7109375,16.90869140625
966,333.791259765625,82.986572265625,1.817138671875
967,388.365478515625,32.92138671875,17.103271484375
968,388.328857421875,95.00927734375,91.80908203125
969,423.145263671875,31.160888671875,32.24462890625
970,410.4072265625,43.594970703125,38.801025390625
971,592.972412109375,57.2666015625,30.445556640625
972,658.521484375,33.7626953125,32.8310546875
973,622.5078125,30.673583984375,0.10400390625
974,603.104736328125,57.076904296875,131.948974609375
975,565.045654296875,49.484619140625,66.67333984375
976,432.675537109375,65.643310546875,72.314697265625
977,756.469970703125,36.066650390625,188.15576171875
978,758.791748046875,57.14453125,190.620849609375
979,373.636474609375,31.066162109375,33.10888671875
980,407.520263671875,35.0126953125,25.14892578125
981,598.252685546875,72.511962890625,240.63671875
982,584.11669921875,104.59423828125,237.783447265625
983,455.130126953125,37.683349609375,137.656005859375
984,486.5419921875,37.160400390625,119.92724609375
985,705.690185546875,33.71337890625,209.647216796875
986,489.988037109375,38.75341796875,2.980712890625
987,563.67236328125,74.58203125,2.53173828125
988,339.9169921875,38.18115234375,0.2978515625
989,410.36181640625,38.1708984375,1.991455078125
990,488.843017578125,74.156005859375,0.283447265625
991,464.184814453125,46.70068359375,0.302490234375
992,328.410400390625,33.54296875,0.360107421875
993,383.78466796875,33.585693359375,64.71044921875
994,715.31689453125,56.2568359375,141.180419921875
995,730.47314453125,44.299072265625,140.48388671875
996,482.063232421875,52.98046875,121.48779296875
997,634.552734375,33.97021484375,127.04931640625
998,720.352783203125,34.933349609375,152.23876953125
999,542.75732421875,60.25830078125,128.053466796875
1000,538.411865234375,32.290771484375,145.536865234375
1001,596.8779296875,41.943115234375,178.76708984375
1002,404.808349609375,54.067626953125,34.152099609375
1003,577.140869140625,36.941162109375,148.91162109375
1004,755.07568359375,45.83642578125,186.731689453125
1005,419.60107421875,53.4833984375,76.140380859375
1006,403.715576171875,39.6083984375,16.96923828125
1007,641.394775390625,32.7763671875,156.9853515625
1008,323.11181640625,38.985107421875,1.271728515625
1009,347.3076171875,39.60302734375,1.206298828125
1010,416.72607421875,91.2294921875,35.912841796875
1011,585.56005859375,31.33349609375,136.685546875
1012,477.73828125,34.545654296875,0.12158203125
1013,566.32861328125,48.9990234375,0.1083984375
1014,556.2158203125,67.879638671875,3.56787109375
1015,266.6328125,31.620361328125,0.0009765625
1016,435.09619140625,40.99365234375,73.774169921875
1017,525.87939453125,82.0166015625,53.925537109375
1018,616.051513671875,33.730712890625,273.99560546875
1019,440.083251953125,30.247314453125,70.1982421875
1020,568.32373046875,36.177978515625,154.492431640625
1021,717.654296875,50.2353515625,275.1162109375
1022,421.7060546875,72.767333984375,63.122802734375
1023,401.302001953125,73.9921875,69.62451171875
1024,491.139892578125,31.85595703125,75.093017578125
1025,517.85595703125,52.876708984375,66.454833984375
1026,452.409423828125,97.8984375,91.76953125
1027,370.769775390625,46.171630859375,77.250244140625
1028,620.727783203125,45.702392578125,249.729736328125
1029,361.69580078125,68.792236328125,6.047119140625
1030,369.888427734375,59.9931640625,6.803955078125
1031,704.3642578125,41.587890625,264.803955078125
1032,445.85986328125,35.55517578125,5.535888671875
1033,238.004150390625,62.561767578125,5.150146484375
1034,440.2041015625,46.744384765625,7.12255859375
1035,450.25048828125,48.155517578125,5.092041015625
1036,438.395263671875,31.1796875,8.27978515625
1037,643.031494140625,32.950927734375,7.6142578125
1038,692.861083984375,91.85546875,264.024169921875
1039,648.173828125,39.5361328125,281.750244140625
1040,443.111572265625,39.438232421875,3.596923828125
1041,635.765380859375,95.7138671875,163.411376953125
1042,490.95361328125,51.954833984375,2.8447265625
1043,568.02392578125,55.507568359375,4.18603515625
1044,619.138427734375,33.88427734375,86.935302734375
1045,623.0361328125,39.257080078125,198.619873046875
1046,553.58154296875,49.73974609375,116.343994140625
1047,687.9208984375,77.5732421875,284.464599609375
1048,736.45556640625,31.7890625,269.7119140625
1049,510.37548828125,61.73974609375,107.36328125
1050,357.1171875,48.54541015625,22.86181640625
1051,503.02880859375,31.22021484375,56.07177734375
1052,486.421630859375,69.414306640625,76.283203125
1053,394.87060546875,74.118408203125,0.406005859375
1054,367.67822265625,62.4248046875,0.2294921875
1055,407.33349609375,47.59033203125,0.412353515625
1056,789.75537109375,36.400390625,293.384033203125
1057,277.496337890625,61.455322265625,0.234130859375
1058,314.3505859375,50.989013671875,0.095947265625
1059,425.337646484375,29.82861328125,70.041259765625
1060,444.51513671875,41.848388671875,67.09228515625
1061,635.31884765625,45.618896484375,145.072998046875
1062,702.07470703125,34.9140625,154.709228515625
1063,498.11181640625,84.055908203125,111.423828125
1064,574.7529296875,45.8896484375,0.0009765625
1065,673.411376953125,56.350830078125,124.0654296875
1066,497.022705078125,43.815673828125,120.292724609375
1067,613.04931640625,34.138427734375,142.227783203125
1068,401.435546875,40.878662109375,127.6943359375
1069,449.676025390625,64.916015625,144.0625
1070,474.00146484375,49.46142578125,124.302001953125
1071,501.928955078125,38.90966796875,127.633544921875
1072,382.833251953125,96.0009765625,0.627685546875
1073,475.25390625,45.53173828125,0.3857421875
1074,347.104736328125,45.065185546875,0.18212890625
1075,521.83984375,86.71533203125,0.161376953125
1076,714.941650390625,44.41845703125,171.85986328125
1077,225.88134765625,51.0869140625,0.145751953125
1078,440.850341796875,28.19775390625,9.662109375
1079,392.987060546875,48.43359375,45.45654296875
1080,638.0439453125,30.94921875,269.66259765625
1081,595.45068359375,36.63134765625,154.57861328125
1082,371.99169921875,37.363037109375,0.456787109375
1083,622.990234375,44.586181640625,167.955322265625
1084,399.47900390625,39.96337890625,0.3173828125
1085,497.1552734375,54.1064453125,0.27880859375
1086,647.62841796875,31.4248046875,166.075927734375
1087,718.3193359375,30.013427734375,132.032470703125
1088,725.935791015625,42.226806640625,171.85595703125
1089,500.70654296875,49.32080078125,122.5126953125
1090,525.658203125,32.882568359375,135.46826171875
1091,514.85400390625,57.8046875,123.547119140625
1092,560.172119140625,91.5439453125,118.806396484375
1093,285.223876953125,28.692626953125,16.926513671875
1094,560.53173828125,26.29833984375,57.42041015625
1095,1098.955078125,100.957763671875,503.420654296875
1096,383.077392578125,57.145263671875,44.282470703125
1097,382.3486328125,36.766357421875,57.408447265625
1098,484.1064453125,40.822021484375,51.23486328125
1099,420.47802734375,33.822021484375,46.89794921875
1100,481.327392578125,31.093505859375,43.21142578125
1101,411.910888671875,42.172119140625,46.954345703125
1102,464.254150390625,38.8037109375,63.81396484375
1103,382.734130859375,45.264404296875,45.475830078125
1104,346.644775390625,39.24609375,47.243408203125
1105,373.446533203125,38.00830078125,54.001708984375
1106,545.3232421875,108.0771484375,49.050048828125
1107,455.344482421875,83.36376953125,58.18505859375
1108,505.65087890625,44.95947265625,51.6533203125
1109,508.602294921875,33.1796875,51.574462890625
1110,505.759033203125,48.566162109375,50.493896484375
1111,409.9091796875,34.371826171875,42.09765625
1112,520.348876953125,57.943115234375,46.492919921875
1113,487.24072265625,49.49658203125,60.291015625
1114,461.162353515625,62.283447265625,51.446044921875
1115,528.366943359375,48.958984375,47.982177734375
1116,477.51171875,42.323974609375,44.407470703125
1117,639.80126953125,37.280517578125,54.694580078125
1118,845.893310546875,31.238037109375,45.39501953125
1119,569.631591796875,45.210205078125,62.21533203125
1120,528.019775390625,42.820556640625,54.1826171875
1121,387.698974609375,30.799560546875,55.0830078125
1122,362.54296875,47.50146484375,49.201416015625
1123,473.563232421875,39.179931640625,126.052001953125
1124,617.478759765625,118.568115234375,134.152099609375
1125,532.420166015625,102.39892578125,113.98193359375
1126,498.44775390625,58.849609375,85.531982421875
1127,436.8291015625,38.861572265625,23.8173828125
1128,584.328857421875,51.861328125,89.580078125
1129,511.471923828125,34.65576171875,68.53271484375
1130,502.091552734375,45.724609375,57.8583984375
1131,307.89111328125,34.79833984375,13.5791015625
1132,405.14892578125,48.594970703125,88.74365234375
1133,1119.87109375,36.23095703125,728.3076171875
1134,459.318115234375,40.019775390625,67.1748046875
1135,436.97412109375,36.798583984375,86.318603515625
1136,496.128662109375,37.0576171875,101.522705078125
1137,374.783203125,41.668701171875,103.593505859375
1138,517.072021484375,37.693359375,62.90625
1139,434.338623046875,32.42626953125,58.070556640625
1140,484.583251953125,33.416748046875,78.385009765625
1141,1290.59130859375,41.764892578125,765.830078125
1142,518.91455078125,84.490966796875,73.174072265625
1143,452.197265625,72.3369140625,77.843505859375
1144,262.238037109375,50.874267578125,0.299560546875
1145,392.18359375,33.665771484375,0.46142578125
1146,334.65234375,42.36376953125,0.4912109375
1147,431.3427734375,36.20458984375,0.393310546875
1148,519.893798828125,37.890869140625,0.223388671875
1149,663.857177734375,42.740966796875,87.30908203125
1150,563.74853515625,37.128662109375,0.2236328125
1151,625.854248046875,50.759521484375,112.41357421875
1152,387.3349609375,55.1279296875,103.170654296875
1153,433.2021484375,30.48193359375,97.09716796875
1154,519.706298828125,34.88232421875,107.59912109375
1155,435.878662109375,34.968994140625,69.2724609375
1156,366.50244140625,93.081298828125,38.325439453125
1157,499.35009765625,40.3779296875,46.83447265625
1158,647.7900390625,59.18115234375,90.9736328125
1159,505.65185546875,50.126953125,77.11376953125
1160,422.763427734375,26.242919921875,23.724853515625
1161,443.98876953125,30.188232421875,20.9033203125
1162,317.8642578125,61.705322265625,19.576171875
1163,440.509765625,44.753662109375,23.626708984375
1164,383.952880859375,40.765380859375,88.890380859375
1165,538.809326171875,51.602294921875,92.125
1166,582.30859375,46.429931640625,103.173095703125
1167,463.70751953125,28.666259765625,123.041015625
1168,669.32470703125,42.88623046875,280.017578125
1169,506.244140625,52.36572265625,156.959716796875
1170,561.049072265625,36.652099609375,153.966796875
1171,477.70556640625,37.892822265625,16.658935546875
1172,940.0322265625,50.484130859375,558.690673828125
1173,343.0478515625,35.9931640625,40.711669921875
1174,816.911376953125,116.62548828125,483.5068359375
1175,666.676513671875,33.34619140625,191.531982421875
1176,1099.82177734375,36.438720703125,587.061279296875
1177,516.33740234375,45.66650390625,178.440673828125
1178,473.775390625,135.649658203125,116.931640625
1179,487.35888671875,45.052734375,144.22119140625
1180,317.10302734375,37.348388671875,0.30029296875
1181,652.375,39.639892578125,216.399658203125
1182,479.742919921875,83.0625,22.436279296875
1183,365.85791015625,46.12255859375,70.935546875
1184,538.44482421875,35.8359375,97.916015625
1185,644.728759765625,35.1240234375,217.287353515625
1186,471.015869140625,32.666259765625,84.507568359375
1187,449.34130859375,68.997802734375,63.6904296875
1188,353.685302734375,31.56103515625,61.5224609375
1189,544.07958984375,34.41552734375,104.51416015625
1190,503.405029296875,48.580810546875,190.619873046875
1191,527.083251953125,47.64208984375,86.55859375
1192,567.2099609375,79.892822265625,140.259033203125
1193,574.603759765625,28.438720703125,96.93798828125
1194,351.540283203125,41.95166015625,75.00732421875
1195,2206.2548828125,33.111328125,1594.624755859375
1196,503.4755859375,33.740478515625,102.108154296875
1197,526.847900390625,100.7197265625,87.682861328125
1198,430.86083984375,32.81591796875,85.06103515625
1199,507.331787109375,36.098388671875,79.113525390625
1200,427.9970703125,32.095458984375,0.437744140625
1201,554.17626953125,63.1875,98.33447265625
1202,614.8349609375,33.390869140625,98.13623046875
1203,589.02294921875,41.596435546875,207.54150390625
1204,265.346923828125,47.215576171875,33.937744140625
1205,617.958984375,49.339111328125,178.271484375
1206,626.03662109375,40.711669921875,97.777587890625
1207,1171.401123046875,34.60107421875,504.23876953125
1208,378.554931640625,35.1484375,51.656005859375
1209,685.4189453125,55.58935546875,33.703369140625
1210,1420.50341796875,133.120361328125,994.5830078125
1211,436.268798828125,99.205078125,47.36181640625
1212,378.5419921875,41.38525390625,94.6845703125
1213,727.348876953125,138.211669921875,476.745361328125
1214,564.540283203125,37.83740234375,186.9443359375
1215,987.283447265625,47.273681640625,586.781494140625
1216,1127.190185546875,97.9619140625,807.32080078125
1217,627.807373046875,47.142578125,168.313720703125
1218,355.219482421875,35.1083984375,64.976806640625
1219,749.146484375,35.3388671875,171.270263671875
1220,371.921630859375,33.795654296875,50.225341796875
1221,276.30419921875,30.70361328125,1.340087890625
1222,529.603271484375,39.7177734375,0.000732421875
1223,708.116455078125,53.697998046875,141.333984375
1224,397.581298828125,84.341552734375,16.571533203125
1225,393.3486328125,55.993408203125,21.28369140625
1226,500.385986328125,38.880126953125,53.314453125
1227,487.218017578125,35.482421875,116.2548828125
1228,400.256103515625,41.68310546875,72.618896484375
1229,291.900146484375,31.560791015625,2.055908203125
1230,726.4560546875,32.105224609375,215.295654296875
1231,752.901123046875,53.569580078125,436.31201171875
1232,348.178466796875,64.611328125,3.136962890625
1233,431.9833984375,35.839111328125,0.0009765625
1234,478.296630859375,43.612060546875,84.21337890625
1235,512.06494140625,42.376708984375,90.93896484375
1236,526.15380859375,43.65673828125,103.765380859375
1237,456.1474609375,28.32861328125,85.171630859375
1238,485.75830078125,76.08056640625,100.35205078125
1239,628.511474609375,32.9375,94.04150390625
1240,379.5205078125,46.57568359375,15.894775390625
1241,425.22265625,46.142822265625,95.842529296875
1242,488.77392578125,30.89599609375,99.269775390625
1243,432.039794921875,74.002197265625,151.388671875
1244,974.952392578125,29.3232421875,575.389404296875
1245,585.987060546875,31.041259765625,149.657470703125
1246,661.881591796875,53.359130859375,163.177001953125
1247,517.854248046875,40.697998046875,156.649658203125
1248,524.693603515625,53.889404296875,158.926513671875
1249,654.413818359375,40.36376953125,140.244140625
1250,453.8701171875,45.65185546875,137.4189453125
1251,638.943115234375,60.27685546875,151.840087890625
1252,863.407470703125,28.266357421875,158.33984375
1253,589.37451171875,33.555419921875,124.777587890625
1254,535.66650390625,37.111083984375,146.8076171875
1255,597.5615234375,44.5625,156.609375
1256,490.66796875,65.2080078125,44.408935546875
1257,706.172119140625,28.41845703125,355.290283203125
1258,477.7294921875,49.087158203125,80.309814453125
1259,517.612060546875,41.065673828125,98.111572265625
1260,1387.364990234375,43.86767578125,689.080322265625
1261,616.9443359375,51.161376953125,78.162109375
1262,668.895263671875,33.024658203125,89.593017578125
1263,350.9462890625,42.7412109375,0.102783203125
1264,655.7294921875,27.129638671875,107.1142578125
1265,1084.7353515625,29.454833984375,544.468994140625
1266,368.60107421875,34.85400390625,86.920654296875
1267,553.410400390625,35.187744140625,93.924560546875
1268,466.570068359375,47.95849609375,81.509765625
1269,354.036865234375,32.08642578125,2.065673828125
1270,583.105224609375,49.669677734375,18.008056640625
1271,344.10595703125,37.05126953125,2.220703125
1272,329.911865234375,69.951416015625,22.939453125
1273,352.658935546875,36.997314453125,109.2353515625
1274,363.0703125,31.737548828125,101.419189453125
1275,445.332763671875,59.556884765625,101.770263671875
1276,382.849609375,37.48486328125,77.850830078125
1277,544.3671875,39.8125,88.75146484375
1278,584.393798828125,62.909912109375,185.735595703125
1279,660.204345703125,36.208740234375,206.161376953125
1280,368.694091796875,38.59814453125,0.28955078125
1281,430.38037109375,31.420166015625,111.944580078125
1282,1416.096435546875,60.008056640625,824.3291015625
1283,372.851806640625,50.65185546875,45.224365234375
1284,633.683349609375,34.044921875,205.258056640625
1285,288.569580078125,37.102294921875,0.201416015625
1286,576.55322265625,28.92919921875,0.42822265625
1287,432.195556640625,52.443603515625,31.5439453125
1288,454.2197265625,52.10009765625,19.874755859375
1289,452.607177734375,44.529541015625,8.31201171875
1290,566.773681640625,44.2998046875,77.3759765625
1291,548.91845703125,33.59375,96.11328125
1292,964.69287109375,92.322021484375,458.38818359375
1293,572.89892578125,34.163818359375,102.138427734375
1294,349.111328125,106.2119140625,2.576416015625
1295,700.449462890625,55.926513671875,153.552978515625
1296,428.637939453125,49.564208984375,22.334228515625
1297,406.12939453125,31.167236328125,8.51171875
1298,587.091796875,36.87548828125,165.990478515625
1299,573.413330078125,57.291259765625,133.95703125
1300,544.462158203125,39.571533203125,0.00146484375
1301,672.025390625,51.624755859375,141.51318359375
1302,808.63916015625,42.92724609375,70.344970703125
1303,776.6162109375,49.149658203125,65.649169921875
1304,1138.705810546875,40.661376953125,405.64208984375
1305,389.983642578125,29.95263671875,11.26513671875
1306,786.30224609375,118.859619140625,376.505615234375
1307,575.085693359375,137.322021484375,83.578125
1308,487.748291015625,138.700927734375,28.291259765625
1309,578.271240234375,53.83349609375,185.3125
1310,533.7900390625,65.07958984375,76.6708984375
1311,507.720703125,95.69921875,91.2607421875
1312,555.167724609375,59.03515625,114.652099609375
1313,465.234130859375,31.97509765625,107.18017578125
1314,1030.33544921875,45.4208984375,487.678955078125
1315,590.27294921875,37.9423828125,141.763427734375
1316,439.178466796875,56.49169921875,104.779541015625
1317,387.99853515625,37.985107421875,116.65087890625
1318,371.829833984375,40.96875,102.043701171875
1319,368.42919921875,29.1953125,2.9365234375
1320,1291.419677734375,74.11572265625,877.60205078125
1321,1230.1982421875,57.4169921875,837.601806640625
1322,317.232177734375,43.447998046875,4.3486328125
1323,377.7626953125,43.79638671875,0.26171875
1324,538.322509765625,40.079833984375,52.60791015625
1325,354.598388671875,69.47998046875,13.34326171875
1326,449.934326171875,83.347900390625,0.11181640625
1327,465.001953125,55.8935546875,42.6787109375
1328,984.599365234375,26.11279296875,493.533203125
1329,477.357177734375,51.36376953125,142.5205078125
1330,572.85205078125,30.7724609375,219.63037109375
1331,434.089599609375,41.63525390625,12.0048828125
1332,374.729248046875,41.37744140625,16.52783203125
1333,674.470458984375,50.06396484375,294.92431640625
1334,441.95654296875,34.147705078125,78.069580078125
1335,628.993408203125,47.535400390625,94.699951171875
1336,770.452392578125,52.301513671875,360.567626953125
1337,559.820068359375,38.381103515625,153.80859375
1338,406.205078125,70.692626953125,16.753173828125
1339,540.5126953125,42.713134765625,87.56640625
1340,444.15185546875,47.68896484375,59.676513671875
1341,402.950927734375,32.1806640625,41.23828125
1342,453.04833984375,40.159912109375,18.73486328125
1343,509.512451171875,33.21435546875,167.58837890625
1344,434.604248046875,41.927978515625,20.0302734375
1345,444.243896484375,75.66357421875,97.3798828125
1346,545.199462890625,46.460205078125,7.408447265625
1347,543.165771484375,40.68994140625,142.689453125
1348,449.319091796875,49.15380859375,67.228271484375
1349,1044.36669921875,34.658447265625,517.712158203125
1350,457.261962890625,45.14990234375,13.889404296875
1351,509.087646484375,33.196044921875,25.055908203125
1352,425.467041015625,36.6796875,12.84326171875
1353,405.57080078125,33.0283203125,92.4912109375
1354,547.306884765625,30.160400390625,143.182861328125
1355,417.341796875,45.319091796875,117.990234375
1356,367.8271484375,41.330078125,0.989013671875
1357,1232.6123046875,31.52001953125,797.289794921875
1358,862.553955078125,36.1533203125,468.476318359375
1359,456.057861328125,32.194580078125,104.489501953125
1360,588.66064453125,41.0078125,106.39111328125
1361,504.021240234375,41.537109375,92.614990234375
1362,615.08251953125,40.93798828125,6.121337890625
1363,447.098388671875,38.126708984375,76.46630859375
1364,458.006591796875,30.618896484375,0.361328125
1365,327.0400390625,85.268798828125,0.20458984375
1366,443.53759765625,44.701904296875,0.5712890625
1367,1383.0205078125,53.41162109375,945.313720703125
1368,294.62060546875,35.357666015625,7.072509765625
1369,694.514404296875,42.2158203125,71.649658203125
1370,526.026611328125,33.361572265625,0.37109375
1371,370.3564453125,44.0234375,2.712646484375
1372,535.019287109375,99.6650390625,98.898681640625
1373,324.71240234375,42.0830078125,40.76220703125
1374,401.874267578125,51.82421875,59.49658203125
1375,352.080810546875,38.874267578125,78.391845703125
1376,367.00048828125,37.100341796875,7.925537109375
1377,289.2109375,28.680419921875,0.439208984375
1378,319.51513671875,48.346435546875,1.134521484375
1379,1258.13330078125,58.40673828125,802.031982421875
1380,1687.662109375,37.4052734375,1156.347412109375
1381,729.1875,29.926513671875,389.9462890625
1382,249.76416015625,76.70458984375,2.792724609375
1383,437.334716796875,85.18115234375,113.3984375
1384,1020.54931640625,49.356689453125,39.405029296875
1385,1429.830078125,38.720703125,364.87744140625
1386,1604.896484375,31.675048828125,588.367919921875
1387,1053.9677734375,33.746826171875,72.8818359375
1388,519.483154296875,45.44775390625,49.95458984375
1389,495.082275390625,46.89501953125,0.00146484375
1390,615.343994140625,40.2353515625,105.099365234375
1391,449.424072265625,33.594482421875,37.84716796875
1392,386.550048828125,51.76171875,101.965087890625
1393,626.0341796875,29.853515625,370.70068359375
1394,288.624755859375,33.957763671875,5.844970703125
1395,425.034912109375,34.423095703125,103.05517578125
1396,493.103271484375,38.152099609375,178.507080078125
1397,450.16845703125,42.4228515625,57.15380859375
1398,410.780029296875,42.819580078125,56.743408203125
1399,720.16357421875,81.718505859375,329.3525390625
1400,439.824462890625,112.584228515625,8.161376953125
1401,980.195068359375,32.196044921875,583.186279296875
1402,1008.84716796875,37.209228515625,546.11767578125
1403,409.7275390625,79.33544921875,95.013427734375
1404,746.85400390625,40.6669921875,202.592529296875
1405,408.16162109375,103.880126953125,89.509033203125
1406,331.844970703125,45.081298828125,40.29052734375
1407,372.9296875,39.318115234375,52.256103515625
1408,1260.776123046875,36.5302734375,817.57470703125
1409,789.266357421875,33.52587890625,429.803466796875
1410,489.330322265625,67.25146484375,140.651611328125
1411,436.65869140625,34.7197265625,61.56494140625
1412,1210.70361328125,37.695068359375,772.668701171875
1413,1433.573974609375,42.13427734375,897.693359375
1414,1594.05126953125,40.661865234375,1085.32763671875
1415,359.0732421875,45.078125,11.64599609375
1416,257.21826171875,41.18017578125,7.0439453125
1417,326.964111328125,37.38525390625,0.489990234375
1418,1160.080810546875,45.732666015625,719.26171875
1419,678.44384765625,32.711181640625,116.1025390625
1420,683.2724609375,32.89599609375,2.602783203125
1421,1286.47705078125,44.419677734375,530.55078125
1422,284.80419921875,42.882080078125,13.484619140625
1423,302.331298828125,51.488525390625,0.1455078125
1424,341.901611328125,53.750732421875,77.40087890625
1425,415.8837890625,52.67919921875,73.011474609375
1426,489.293701171875,54.76904296875,97.61279296875
1427,1286.77685546875,46.440673828125,758.87890625
1428,619.12451171875,79.382568359375,131.73291015625
1429,417.61669921875,43.709716796875,83.005615234375
1430,724.622802734375,67.086669921875,236.033935546875
1431,821.36181640625,72.475830078125,336.197509765625
1432,575.592529296875,78.616455078125,0.801513671875
1433,593.9638671875,80.2822265625,69.96337890625
1434,426.79736328125,96.285400390625,0.000732421875
1435,2890.9345703125,78.688720703125,2453.746826171875
1436,546.3642578125,79.076416015625,43.546630859375
1437,622.1689453125,66.868896484375,220.1875
1438,488.412109375,70.086669921875,74.488525390625
1439,557.5595703125,43.555908203125,44.748779296875
1440,522.61767578125,34.440185546875,63.442626953125
1441,515.069091796875,44.69189453125,2.8583984375
1442,365.529052734375,44.384033203125,56.888916015625
1443,474.267333984375,38.3330078125,157.22412109375
1444,765.870849609375,34.564697265625,368.968994140625
1445,597.891845703125,36.971435546875,164.81982421875
1446,1599.07568359375,77.039794921875,1081.42041015625
1447,418.887939453125,41.76806640625,125.992431640625
1448,540.4853515625,42.24267578125,148.234130859375
1449,775.203857421875,36.933837890625,383.0029296875
1450,425.796142578125,70.22900390625,2.380615234375
1451,485.688720703125,41.9501953125,1.185302734375
1452,632.565185546875,78.859130859375,0.45458984375
1453,316.203125,32.791259765625,0.001220703125
1454,451.85009765625,29.232666015625,71.809326171875
1455,484.089599609375,45.73876953125,40.829345703125
1456,503.46142578125,111.75,66.314208984375
1457,705.5478515625,35.4609375,263.220703125
1458,346.56982421875,52.369140625,8.65283203125
1459,529.619873046875,33.038818359375,5.38720703125
1460,464.165283203125,46.94775390625,15.099853515625
1461,580.65234375,33.69970703125,248.707275390625
1462,282.375732421875,54.82470703125,1.408203125
1463,502.786865234375,39.50146484375,0.130126953125
1464,772.099609375,37.758056640625,392.242919921875
1465,443.864013671875,29.492919921875,0.0009765625
1466,600.6630859375,140.021728515625,78.849365234375
1467,414.584716796875,30.0712890625,0.16650390625
1468,539.37353515625,59.537109375,134.7890625
1469,558.243896484375,37.961181640625,190.43701171875
1470,343.64794921875,38.797119140625,5.071044921875
1471,1727.702392578125,56.229736328125,1272.706298828125
1472,353.930908203125,35.412109375,6.88720703125
1473,457.75439453125,32.5595703125,131.02880859375
1474,944.48046875,56.8349609375,459.770263671875
1475,1738.0986328125,44.47412109375,1286.23046875
1476,594.65673828125,56.001220703125,112.40673828125
1477,462.0625,43.104736328125,118.874755859375
1478,380.9384765625,31.382080078125,0.0009765625
1479,574.006591796875,38.8359375,174.55908203125
1480,1004.175048828125,85.049560546875,489.907470703125
1481,1226.74072265625,40.754638671875,505.02294921875
1482,704.24755859375,42.171142578125,7.1181640625
1483,804.720947265625,33.70166015625,64.619384765625
1484,546.158447265625,48.2197265625,175.918212890625
1485,438.44287109375,46.383544921875,84.4755859375
1486,342.919677734375,31.19677734375,0.117919921875
1487,451.6162109375,36.554443359375,74.103759765625
1488,384.588623046875,42.095703125,43.656982421875
1489,1804.406005859375,41.122802734375,1317.7353515625
1490,440.032958984375,40.0244140625,42.318603515625
1491,479.002685546875,35.2900390625,69.67724609375
1492,413.064453125,40.69091796875,49.451904296875
1493,984.603759765625,49.0146484375,634.724609375
1494,431.310546875,74.11865234375,75.459228515625
1495,909.892578125,37.654296875,429.06982421875
1496,476.35546875,32.386962890625,184.089599609375
1497,447.192138671875,47.27734375,0.56689453125
1498,1605.73388671875,32.598876953125,861.296630859375
1499,665.30712890625,60.788330078125,76.428466796875
1500,496.465576171875,53.905029296875,0.260986328125
1501,409.2294921875,74.107421875,0.2666015625
1502,916.8369140625,55.70458984375,399.76220703125
1503,477.901611328125,42.00537109375,53.4580078125
1504,516.765625,45.31591796875,0.127685546875
1505,559.91650390625,73.28173828125,6.77685546875
1506,291.330322265625,46.10595703125,8.873046875
1507,474.86669921875,105.36669921875,106.763427734375
1508,420.5615234375,35.106689453125,0.560791015625
1509,430.63427734375,30.816162109375,80.897705078125
1510,275.7646484375,87.12451171875,32.2978515625
1511,639.0078125,48.375732421875,130.985107421875
1512,743.26806640625,80.903564453125,235.226806640625
1513,547.2998046875,31.00390625,58.9736328125
1514,556.8486328125,39.119384765625,38.8359375
1515,530.56201171875,29.93896484375,37.9560546875
1516,569.352783203125,97.086669921875,137.957275390625
1517,480.401123046875,35.511474609375,76.369873046875
1518,472.528076171875,36.138916015625,4.4453125
1519,318.838623046875,32.230712890625,4.508056640625
1520,480.94677734375,40.779296875,74.160400390625
1521,266.4677734375,33.15478515625,0.26806640625
1522,423.947998046875,36.717529296875,77.898193359375
1523,463.499267578125,71.269287109375,47.38134765625
1524,1295.41650390625,37.04638671875,756.5849609375
1525,590.751220703125,34.40478515625,96.737548828125
1526,498.8115234375,31.114501953125,183.4521484375
1527,607.503173828125,37.7958984375,255.998046875
1528,438.961669921875,100.77880859375,44.619873046875
1529,340.83740234375,39.423095703125,73.912353515625
1530,676.697509765625,35.845703125,373.493408203125
1531,511.6826171875,46.593017578125,0.00146484375
1532,349.923583984375,30.36474609375,1.297607421875
1533,466.945556640625,39.720703125,9.934326171875
1534,731.8359375,49.46337890625,225.11328125
1535,559.077392578125,37.913818359375,0.10400390625
1536,584.879638671875,92.98193359375,148.513427734375
1537,446.197998046875,51.87548828125,85.296142578125
1538,487.45849609375,55.830078125,86.56201171875
1539,788.109130859375,31.171142578125,349.849609375
1540,394.16796875,47.8642578125,1.2939453125
1541,438.302001953125,75.03173828125,49.270263671875
1542,502.145751953125,36.28759765625,82.794189453125
1543,420.380859375,35.11572265625,81.442626953125
1544,770.313232421875,33.861328125,440.7861328125
1545,265.47314453125,53.596435546875,4.468505859375
1546,531.660400390625,67.90087890625,98.12939453125
1547,385.9853515625,39.8251953125,34.29443359375
1548,289.300048828125,113.781982421875,0.310546875
1549,431.325439453125,66.0888671875,106.065185546875
1550,902.979248046875,32.360595703125,434.421142578125
1551,396.179931640625,43.624267578125,85.626953125
1552,474.917236328125,56.84228515625,88.05908203125
1553,391.28369140625,35.524658203125,39.8173828125
1554,894.6416015625,43.453857421875,261.2138671875
1555,390.83447265625,31.48681640625,41.3896484375
1556,377.598876953125,31.39404296875,94.54296875
1557,425.95068359375,35.058837890625,80.65771484375
1558,372.650634765625,73.23779296875,76.640869140625
1559,507.216796875,74.962890625,164.158447265625
1560,351.152099609375,56.810302734375,15.16943359375
1561,1083.21923828125,39.629150390625,642.5078125
1562,516.233642578125,39.68603515625,137.52880859375
1563,417.962158203125,46.3134765625,99.05322265625
1564,381.07763671875,42.04833984375,65.953125
1565,592.201171875,105.861328125,100.4697265625
1566,312.23876953125,29.878173828125,10.156005859375
1567,405.557373046875,30.9892578125,10.126953125
1568,516.96728515625,66.664794921875,51.166259765625
1569,456.401611328125,82.86962890625,70.521240234375
1570,468.234130859375,100.30419921875,8.07275390625
1571,565.390625,31.124267578125,80.63671875
1572,635.67333984375,33.19140625,149.774658203125
1573,525.301025390625,47.433349609375,129.803466796875
1574,409.423095703125,210.17578125,0.10498046875
1575,393.970458984375,42.4580078125,0.11865234375
1576,514.274658203125,34.512939453125,0.070556640625
1577,521.325439453125,37.89501953125,0.111572265625
1578,371.197509765625,60.756591796875,0.12158203125
1579,461.09423828125,46.1669921875,2.26953125
1580,463.919677734375,59.119384765625,5.83056640625
1581,605.106689453125,46.879150390625,135.73193359375
1582,675.408447265625,57.826416015625,174.118408203125
1583,530.870361328125,31.27294921875,75.54833984375
1584,453.89306640625,103.236328125,39.088134765625
1585,322.5556640625,47.396240234375,39.173095703125
1586,713.933837890625,42.419921875,335.069580078125
1587,382.472412109375,54.31298828125,41.36376953125
1588,498.20751953125,36.193115234375,102.893310546875
1589,350.247802734375,43.835205078125,5.8779296875
1590,453.453857421875,40.8720703125,47.933349609375
1591,1868.488525390625,41.4072265625,1283.136962890625
1592,321.029296875,37.967041015625,21.474609375
1593,472.4462890625,41.201904296875,94.770263671875
1594,399.061767578125,58.8466796875,17.927734375
1595,425.82275390625,73.82080078125,15.378173828125
1596,945.034912109375,57.637451171875,376.153564453125
1597,462.829833984375,44.005615234375,156.10498046875
1598,376.060546875,33.7900390625,51.54345703125
1599,352.400390625,34.55224609375,0.376708984375
1600,536.24267578125,36.697021484375,80.746826171875
1601,487.4091796875,36.131591796875,94.074462890625
1602,706.282470703125,37.74951171875,365.674072265625
1603,374.619873046875,45.3115234375,37.724853515625
1604,923.4287109375,34.130859375,371.8720703125
1605,459.13818359375,35.011962890625,87.04541015625
1606,424.8134765625,98.089599609375,21.765380859375
1607,450.177978515625,39.94677734375,70.60693359375
1608,440.927001953125,29.442138671875,102.455810546875
1609,473.70458984375,29.987060546875,45.6064453125
1610,544.04833984375,32.7138671875,92.80908203125
1611,479.426513671875,65.26953125,52.599365234375
1612,405.678955078125,98.43310546875,102.080078125
1613,491.50146484375,52.736572265625,55.71337890625
1614,608.470703125,46.587158203125,133.049072265625
1615,674.89599609375,49.458984375,167.82080078125
1616,428.361083984375,43.960205078125,66.501953125
1617,618.6201171875,41.05517578125,145.881591796875
1618,526.842529296875,80.982666015625,5.7392578125
1619,380.73876953125,40.552978515625,81.140380859375
1620,408.610595703125,105.955810546875,8.37353515625
1621,616.811279296875,52.220947265625,131.740234375
1622,325.13916015625,28.280029296875,0.22705078125
1623,592.87890625,36.38916015625,104.5283203125
1624,679.782958984375,91.733154296875,342.67822265625
1625,585.1435546875,33.28515625,120.115478515625
1626,823.08740234375,33.249755859375,265.196533203125
1627,749.855712890625,30.67138671875,147.23583984375
1628,447.46923828125,91.632080078125,56.432373046875
1629,420.259521484375,44.228515625,6.06005859375
1630,490.55078125,41.442626953125,149.55419921875
1631,317.291748046875,47.602294921875,76.317626953125
1632,553.083984375,71.114013671875,187.9365234375
1633,1597.68017578125,39.32861328125,1026.276123046875
1634,543.807373046875,39.098876953125,102.51171875
1635,446.6142578125,40.3525390625,36.7822265625
1636,480.2431640625,38.060546875,86.873779296875
1637,582.115234375,39.256103515625,82.95556640625
1638,338.3349609375,48.63134765625,2.15380859375
1639,508.18994140625,29.6767578125,171.325927734375
1640,486.9091796875,26.277587890625,101.22900390625
1641,428.6181640625,103.59912109375,91.402587890625
1642,749.746337890625,89.640380859375,304.927978515625
1643,419.48388671875,35.600341796875,57.665283203125
1644,481.125244140625,37.8564453125,68.3486328125
1645,457.150390625,29.524658203125,7.809814453125
1646,377.463134765625,95.075927734375,5.10791015625
1647,975.77978515625,51.1796875,522.43408203125
1648,331.9453125,34.93408203125,1.95556640625
1649,251.886962890625,26.69140625,5.25732421875
1650,573.095458984375,42.477783203125,65.75146484375
1651,442.799072265625,25.859375,75.478515625
1652,657.48583984375,37.66943359375,136.285888671875
1653,1825.208251953125,59.59814453125,1184.802734375
1654,1419.27880859375,39.47119140625,944.002197265625
1655,375.411376953125,35.840087890625,116.969482421875
1656,284.4755859375,61.972900390625,6.89111328125
1657,710.980712890625,30.440185546875,303.6748046875
1658,534.04931640625,30.468994140625,111.484375
1659,1463.9189453125,37.9814453125,957.581298828125
1660,493.95263671875,129.573974609375,19.4453125
1661,610.716064453125,45.6103515625,98.35791015625
1662,370.991943359375,37.3203125,0.15478515625
1663,861.499267578125,31.677734375,287.816650390625
1664,879.944580078125,31.132568359375,408.424072265625
1665,596.416259765625,47.59228515625,98.680908203125
1666,542.77294921875,31.1259765625,47.85009765625
1667,501.137939453125,59.565673828125,107.78564453125
1668,1195.427001953125,38.524169921875,815.224853515625
1669,495.125,40.357421875,68.631591796875
1670,420.858154296875,50.04345703125,0.156982421875
1671,930.469970703125,59.03173828125,567.165771484375
1672,253.984375,43.745849609375,0.822509765625
1673,487.9814453125,89.54052734375,110.566650390625
1674,405.184814453125,31.11328125,45.1328125
1675,527.05615234375,32.3349609375,95.9580078125
1676,634.021240234375,49.062255859375,223.94482421875
1677,344.126953125,39.103759765625,58.599609375
1678,547.468994140625,41.134033203125,104.37255859375
1679,496.267333984375,37.11865234375,107.0712890625
1680,279.287109375,32.901611328125,20.336181640625
1681,1344.453857421875,56.26318359375,799.403564453125
1682,383.193603515625,98.62158203125,72.73876953125
1683,364.591552734375,64.831298828125,2.80419921875
1684,1018.419921875,31.398193359375,470.135498046875
1685,518.689208984375,33.178955078125,87.02978515625
1686,566.572998046875,38.592041015625,94.11767578125
1687,432.0673828125,51.63671875,42.08935546875
1688,527.37109375,73.781005859375,187.84375
1689,620.282470703125,41.47314453125,207.490478515625
1690,834.427978515625,30.07666015625,349.190673828125
1691,456.4833984375,39.40576171875,189.4072265625
1692,626.945556640625,38.44580078125,225.130126953125
1693,730.926513671875,78.010986328125,401.611328125
1694,423.84033203125,39.405517578125,126.053466796875
1695,1085.30224609375,41.676025390625,656.587158203125
1696,1696.3779296875,75.195068359375,1160.27734375
1697,609.364990234375,32.971435546875,140.243896484375
1698,660.78076171875,46.726806640625,172.552734375
1699,398.430419921875,32.40869140625,74.96044921875
1700,594.8603515625,42.857421875,0.80419921875
1701,528.470947265625,39.75,36.44677734375
1702,327.81103515625,37.982421875,71.628173828125
1703,922.863525390625,41.44580078125,639.79736328125
1704,349.373046875,43.97509765625,73.433349609375
1705,765.15869140625,52.4873046875,502.718505859375
1706,1643.60400390625,41.67431640625,1016.192626953125
1707,985.892822265625,36.5654296875,516.988037109375
1708,344.6708984375,59.84326171875,89.552734375
1709,415.845458984375,43.313720703125,21.713134765625
1710,414.749267578125,36.658447265625,16.1298828125
1711,544.100830078125,32.83984375,144.8681640625
1712,371.04931640625,43.970947265625,0.000732421875
1713,601.174560546875,31.7001953125,41.80322265625
1714,359.7275390625,34.420166015625,2.7001953125
1715,475.39599609375,55.8271484375,46.611083984375
1716,963.823486328125,31.562255859375,531.981201171875
1717,495.436767578125,29.04150390625,57.0732421875
1718,424.1826171875,35.29052734375,2.38916015625
1719,828.80322265625,60.542724609375,454.132080078125
1720,300.041015625,30.003662109375,0.317626953125
1721,486.22802734375,36.53955078125,69.2685546875
1722,939.199462890625,31.42236328125,519.90673828125
1723,303.857421875,41.1533203125,12.886474609375
1724,413.085205078125,92.097412109375,96.762939453125
1725,428.538818359375,57.503173828125,108.459716796875
1726,454.610595703125,39.10107421875,104.263427734375
1727,442.542236328125,33.229736328125,0.106201171875
1728,456.788330078125,36.37939453125,30.15283203125
1729,2595.074462890625,47.341064453125,1838.4365234375
1730,465.90185546875,46.048828125,133.246826171875
1731,634.663818359375,30.573974609375,130.777587890625
1732,787.51806640625,39.83984375,470.716552734375
1733,743.105712890625,42.257080078125,433.655517578125
1734,984.38232421875,47.2255859375,611.788330078125
1735,1178.189208984375,43.576416015625,611.43408203125
1736,1034.737060546875,42.70654296875,465.18896484375
1737,507.54052734375,32.242431640625,157.72412109375
1738,837.6171875,79.26953125,478.6220703125
1739,1018.563232421875,39.883056640625,572.29638671875
1740,912.665771484375,89.3779296875,459.2666015625
1741,826.3486328125,30.505615234375,469.52197265625
1742,800.613525390625,42.03564453125,442.53662109375
1743,1060.288330078125,56.2236328125,504.960205078125
1744,803.828125,35.02197265625,486.060791015625
1745,837.630859375,29.512451171875,481.849365234375
1746,877.954345703125,33.816162109375,499.260986328125
1747,518.52685546875,34.210205078125,168.031494140625
1748,875.34765625,41.3671875,430.41015625
1749,950.48876953125,46.040771484375,432.616943359375
1750,759.238525390625,79.9365234375,380.3125
1751,941.002685546875,55.917724609375,455.968994140625
1752,829.14306640625,64.596435546875,448.367919921875
1753,804.86328125,38.5751953125,436.578125
1754,818.608642578125,42.369384765625,488.19580078125
1755,892.46142578125,28.3759765625,477.561767578125
1756,856.54638671875,31.6044921875,470.0107421875
1757,982.586669921875,35.11181640625,467.593505859375
1758,741.38134765625,32.678466796875,472.138671875
1759,874.077392578125,33.966796875,502.68408203125
1760,994.315185546875,30.601806640625,505.95263671875
1761,852.13037109375,42.07861328125,424.762939453125
1762,809.522216796875,81.432373046875,402.72998046875
1763,824.055419921875,29.826171875,534.620361328125
1764,937.484375,61.06201171875,546.557861328125
1765,820.321044921875,98.597412109375,469.2626953125
1766,975.672119140625,60.198974609375,525.527099609375
1767,834.1181640625,38.16015625,441.081787109375
1768,907.13916015625,39.488037109375,427.50390625
1769,881.603515625,36.0869140625,489.596435546875
1770,830.380126953125,90.0634765625,467.786865234375
1771,885.322998046875,44.48291015625,482.55615234375
1772,878.7744140625,76.197509765625,456.714111328125
1773,1002.198486328125,38.602294921875,492.695556640625
1774,879.610595703125,35.3662109375,546.08837890625
1775,793.659423828125,36.153564453125,497.457275390625
1776,709.112548828125,37.846923828125,418.13525390625
1777,820.012451171875,37.20166015625,385.869140625
1778,901.021484375,39.806640625,390.813232421875
1779,1138.526611328125,39.51904296875,552.75390625
1780,927.545166015625,52.541748046875,425.91796875
1781,824.450927734375,37.693115234375,475.0517578125
1782,799.760009765625,69.307861328125,495.40234375
1783,776.197509765625,36.411865234375,451.181640625
1784,904.359619140625,32.900634765625,482.879638671875
1785,844.094970703125,48.662353515625,482.062744140625
1786,564.96923828125,75.78173828125,28.371826171875
1787,1118.687744140625,33.66845703125,471.839111328125
1788,833.376953125,76.553466796875,404.510009765625
1789,341.19384765625,40.418701171875,19.91943359375
1790,324.372802734375,56.37939453125,83.254638671875
1791,307.753173828125,68.730712890625,44.464111328125
1792,317.953125,39.61279296875,67.2734375
