name,req,start_pullHandler,end_pullHandler,start_create,end_create,start_import,end_import,end_execute,received
fn1_1,1695776405404.142822,1695776405405.167480,1695776405406.704834,1695776405406.749268,1695776405608.676514,1695776405616.649902,1695776405621.983154,1695776405632.684326,1695776405633.604004
fn5_1,1695776405404.208008,1695776405405.090088,1695776405405.792969,1695776405405.817383,1695776405597.408203,1695776405596.187744,1695776405624.530273,1695776405631.757812,1695776405633.583984
fn7_1,1695776405634.420166,1695776405634.623535,1695776405634.912598,1695776405634.965088,1695776405803.857178,1695776405800.016602,1695776405802.032715,1695776405806.916260,1695776405808.125732
fn3_1,1695776405404.207031,1695776405405.141602,1695776405405.540771,1695776405405.637451,1695776405802.107178,1695776405802.232422,1695776405818.346924,1695776405821.253174,1695776405821.965088
fn4_1,1695776405404.215576,1695776405405.381348,1695776405405.850586,1695776405405.892090,1695776405859.877686,1695776405861.730713,1695776405876.593994,1695776405880.343262,1695776405882.985840
fn6_1,1695776405634.356201,1695776405635.182373,1695776405635.627930,1695776405635.694092,1695776405815.078857,1695776405816.135254,1695776405964.177979,1695776405967.961670,1695776405970.391357
fn8_1,1695776405808.922363,1695776405809.309326,1695776405812.566895,1695776405812.813232,1695776405822.843750,1695776405828.226562,1695776405969.210938,1695776405972.947266,1695776405973.917236
fn2_1,1695776405404.155273,1695776405406.354736,1695776405406.938965,1695776405406.978271,1695776405797.525391,1695776405811.039795,1695776405971.766357,1695776405975.616699,1695776405976.531006
fn13_1,1695776405977.702881,1695776405977.902344,1695776405978.454834,1695776405978.497070,1695776406011.919678,1695776406020.851074,1695776406022.411377,1695776406025.885498,1695776406026.364990
fn12_1,1695776405975.522461,1695776405976.206299,1695776405977.170654,1695776405977.228760,1695776406005.422363,1695776406010.085205,1695776406024.935303,1695776406029.689453,1695776406030.850098
fn9_1,1695776405822.527344,1695776405822.689453,1695776405822.962402,1695776405823.012695,1695776406028.061279,1695776406026.554688,1695776406026.560303,1695776406033.114746,1695776406033.586426
fn11_1,1695776405971.450439,1695776405971.632324,1695776405971.997803,1695776405972.069336,1695776406185.571777,1695776406182.658203,1695776406182.668457,1695776406194.573975,1695776406195.445557
fn10_1,1695776405883.513184,1695776405883.752197,1695776405884.248779,1695776405884.359863,1695776406175.070068,1695776406179.020020,1695776406205.275391,1695776406209.739258,1695776406210.942139
fn15_1,1695776406031.410889,1695776406031.601807,1695776406031.963623,1695776406032.030518,1695776406188.682617,1695776406190.176758,1695776406199.527588,1695776406209.484375,1695776406211.338135
fn16_1,1695776406034.465820,1695776406036.142090,1695776406036.754883,1695776406036.842285,1695776406216.299561,1695776406218.444336,1695776406221.002686,1695776406225.014160,1695776406225.994385
fn19_1,1695776406212.531982,1695776406212.709717,1695776406213.124756,1695776406213.193359,1695776406225.973145,1695776406224.600830,1695776406247.447754,1695776406251.676025,1695776406252.432861
fn18_1,1695776406212.041992,1695776406212.279297,1695776406213.700928,1695776406213.750244,1695776406265.733398,1695776406264.312744,1695776406270.487305,1695776406274.309814,1695776406274.937744
fn21_1,1695776406253.369629,1695776406253.547852,1695776406254.018311,1695776406254.104980,1695776406269.290527,1695776406271.277588,1695776406295.235596,1695776406298.959229,1695776406299.468018
fn22_1,1695776406275.472900,1695776406275.621338,1695776406275.891602,1695776406275.937988,1695776406329.177002,1695776406335.700928,1695776406349.804688,1695776406356.817871,1695776406357.532471
fn20_1,1695776406226.580566,1695776406226.968262,1695776406227.305176,1695776406227.350830,1695776406565.039551,1695776406571.176514,1695776406571.182373,1695776406576.544434,1695776406586.615479
fn24_1,1695776406358.720703,1695776406358.921143,1695776406359.322998,1695776406359.410645,1695776406623.201904,1695776406623.889160,1695776406647.313477,1695776406651.684570,1695776406652.633545
fn25_1,1695776406587.569336,1695776406587.830811,1695776406588.742920,1695776406588.964355,1695776406623.626709,1695776406615.653320,1695776406672.641357,1695776406675.869141,1695776406679.250977
fn26_1,1695776406655.738281,1695776406656.260010,1695776406656.931641,1695776406657.093994,1695776406724.479980,1695776406728.743408,1695776406730.683594,1695776406736.729492,1695776406737.445068
fn27_1,1695776406685.949707,1695776406686.451172,1695776406686.942139,1695776406687.070557,1695776406738.845703,1695776406736.470703,1695776406740.458496,1695776406747.688477,1695776406753.743408
fn28_1,1695776406738.455566,1695776406738.708496,1695776406739.216309,1695776406739.273926,1695776406758.695068,1695776406760.246094,1695776406781.126709,1695776406784.832031,1695776406785.954102
fn17_1,1695776406196.329834,1695776406196.574951,1695776406196.890137,1695776406196.960449,1695776406822.103027,1695776406824.630859,1695776406824.635010,1695776406831.140869,1695776406832.107178
fn14_1,1695776406026.898193,1695776406027.158936,1695776406027.785400,1695776406027.880859,1695776406870.203125,1695776406855.333252,1695776406855.345703,1695776406872.676514,1695776406873.284424
fn31_1,1695776406832.858398,1695776406833.229736,1695776406833.745117,1695776406833.979492,1695776406842.331787,1695776406846.905762,1695776406880.298828,1695776406885.337402,1695776406886.504395
fn32_1,1695776406874.136719,1695776406874.341553,1695776406874.645020,1695776406874.708252,1695776406890.354492,1695776406907.428467,1695776406924.239746,1695776406932.677002,1695776406934.778809
fn33_1,1695776406887.314209,1695776406887.667236,1695776406890.066895,1695776406890.309570,1695776406907.732666,1695776406918.986084,1695776406926.998779,1695776406939.540527,1695776406942.524170
fn29_1,1695776406754.790771,1695776406755.125732,1695776406755.880615,1695776406755.974365,1695776406786.359131,1695776406779.755127,1695776406968.982910,1695776406973.682617,1695776406974.694580
fn30_1,1695776406786.983643,1695776406787.249756,1695776406787.626953,1695776406787.707275,1695776406803.069580,1695776406804.726318,1695776406975.967529,1695776406980.382324,1695776406981.153809
fn36_1,1695776406975.339600,1695776406975.541016,1695776406975.950195,1695776406976.030762,1695776406985.628418,1695776406986.888184,1695776406991.386475,1695776406996.394531,1695776406997.002930
fn37_1,1695776406981.925049,1695776406982.165039,1695776406982.578369,1695776406982.674316,1695776406995.650146,1695776407000.689453,1695776407029.380127,1695776407034.156250,1695776407035.600830
fn38_1,1695776406997.775146,1695776406998.151123,1695776406998.523926,1695776406998.605469,1695776407014.786133,1695776407015.079102,1695776407030.825439,1695776407034.950195,1695776407035.645264
fn34_1,1695776406935.570312,1695776406936.067871,1695776406936.775879,1695776406936.964355,1695776406960.262939,1695776406968.600342,1695776407038.678711,1695776407045.379395,1695776407046.525635
fn40_1,1695776407036.309326,1695776407038.210938,1695776407041.548340,1695776407041.622314,1695776407068.916260,1695776407081.890137,1695776407099.885986,1695776407104.419434,1695776407105.262695
fn23_1,1695776406300.214600,1695776406300.388916,1695776406300.741455,1695776406300.789551,1695776407145.138916,1695776407146.683594,1695776407147.271973,1695776407152.987793,1695776407154.309082
fn35_1,1695776406943.678223,1695776406943.925537,1695776406944.507812,1695776406944.589355,1695776406959.708740,1695776406965.684082,1695776407157.595703,1695776407167.665771,1695776407168.499512
fn41_1,1695776407047.087158,1695776407047.412109,1695776407048.020264,1695776407048.138672,1695776407090.068359,1695776407098.969482,1695776407171.058594,1695776407174.493652,1695776407175.047119
fn44_1,1695776407169.339600,1695776407169.963379,1695776407170.205322,1695776407170.264160,1695776407178.817871,1695776407178.030762,1695776407179.847656,1695776407187.796631,1695776407190.245117
fn43_1,1695776407155.401611,1695776407155.691406,1695776407156.454834,1695776407156.664062,1695776407171.913330,1695776407176.731689,1695776407232.110107,1695776407237.510986,1695776407242.953613
fn39_1,1695776407036.233643,1695776407037.354980,1695776407037.790039,1695776407037.916748,1695776407084.959473,1695776407086.283203,1695776407278.196289,1695776407281.960449,1695776407284.136230
fn48_1,1695776407284.649902,1695776407284.800049,1695776407285.042725,1695776407285.110840,1695776407293.878174,1695776407310.054932,1695776407320.395996,1695776407323.681885,1695776407324.452881
fn47_1,1695776407246.237793,1695776407246.601074,1695776407246.910156,1695776407246.981689,1695776407290.596924,1695776407308.028076,1695776407324.456787,1695776407330.074219,1695776407334.382080
fn50_1,1695776407335.003662,1695776407335.247559,1695776407335.744873,1695776407335.869629,1695776407351.042236,1695776407364.384521,1695776407364.388672,1695776407371.569092,1695776407372.221191
fn51_1,1695776407372.699219,1695776407372.823486,1695776407373.089355,1695776407373.136475,1695776407383.141357,1695776407387.175781,1695776407389.415527,1695776407398.566162,1695776407399.595947
fn49_1,1695776407324.934082,1695776407325.086670,1695776407325.460449,1695776407325.549805,1695776407391.905029,1695776407394.522949,1695776407395.565674,1695776407404.208252,1695776407404.852295
fn52_1,1695776407400.357178,1695776407400.549561,1695776407401.041992,1695776407401.131348,1695776407413.180420,1695776407435.584473,1695776407437.057373,1695776407450.161377,1695776407454.370850
fn53_1,1695776407405.422119,1695776407405.587891,1695776407406.066406,1695776407406.122070,1695776407459.010986,1695776407442.265381,1695776407539.452393,1695776407543.123535,1695776407544.437500
fn45_1,1695776407175.712158,1695776407175.933105,1695776407176.243164,1695776407176.302490,1695776407609.333740,1695776407610.237549,1695776407610.245361,1695776407619.112549,1695776407619.950439
fn54_1,1695776407454.889648,1695776407455.654541,1695776407456.099121,1695776407456.206787,1695776407610.620605,1695776407623.091309,1695776407629.829102,1695776407654.658447,1695776407663.530029
fn55_1,1695776407545.267822,1695776407545.545654,1695776407546.516113,1695776407546.737549,1695776407918.568604,1695776407931.371338,1695776407996.295166,1695776407999.876953,1695776408000.755859
fn58_1,1695776408001.532471,1695776408001.738037,1695776408002.171143,1695776408002.254395,1695776408033.541748,1695776408051.266602,1695776408085.884766,1695776408088.877930,1695776408089.545410
fn46_1,1695776407191.093994,1695776407191.343018,1695776407191.784668,1695776407191.859375,1695776408139.867188,1695776408144.143799,1695776408146.366455,1695776408151.672119,1695776408152.590820
fn42_1,1695776407106.117676,1695776407106.340088,1695776407106.785889,1695776407106.878174,1695776408152.588135,1695776408151.840820,1695776408151.850830,1695776408157.752930,1695776408158.306152
fn61_1,1695776408159.021729,1695776408160.147461,1695776408160.604492,1695776408160.689941,1695776408181.419434,1695776408196.255127,1695776408220.972168,1695776408226.434082,1695776408228.718506
fn62_1,1695776408229.517334,1695776408229.787842,1695776408230.280518,1695776408230.433350,1695776408258.104492,1695776408260.871826,1695776408265.865479,1695776408283.176025,1695776408286.369873
fn56_1,1695776407620.618652,1695776407620.898682,1695776407621.397949,1695776407621.478516,1695776408381.720215,1695776408387.223633,1695776408400.043945,1695776408405.016357,1695776408405.718506
fn64_1,1695776408406.349609,1695776408406.557373,1695776408407.140625,1695776408407.190918,1695776408452.017578,1695776408454.202881,1695776408509.008789,1695776408512.162842,1695776408512.932373
fn57_1,1695776407665.795654,1695776407666.141846,1695776407666.621582,1695776407666.728027,1695776408414.250244,1695776408419.470703,1695776408558.067139,1695776408562.515137,1695776408563.125977
fn60_1,1695776408153.237305,1695776408153.395264,1695776408159.650146,1695776408159.804443,1695776408518.172607,1695776408518.674805,1695776408569.232910,1695776408578.782471,1695776408579.633301
fn65_1,1695776408513.525146,1695776408513.726318,1695776408514.047607,1695776408514.136475,1695776408543.024902,1695776408544.367432,1695776408595.827148,1695776408601.667969,1695776408602.296143
fn68_1,1695776408603.096436,1695776408603.381104,1695776408603.946777,1695776408604.039307,1695776408651.641846,1695776408630.888184,1695776408640.655518,1695776408660.762207,1695776408662.230469
fn67_1,1695776408580.248047,1695776408580.458984,1695776408581.265137,1695776408581.334961,1695776408691.875977,1695776408679.046143,1695776408703.842773,1695776408710.868652,1695776408712.032715
fn66_1,1695776408564.004639,1695776408564.214600,1695776408564.535156,1695776408564.618896,1695776408699.797852,1695776408691.079102,1695776408739.824951,1695776408745.791016,1695776408751.859131
fn63_1,1695776408286.905273,1695776408287.106201,1695776408287.550537,1695776408287.606445,1695776408380.812988,1695776408391.562500,1695776408859.844971,1695776408867.861572,1695776408869.581055
fn71_1,1695776408752.855225,1695776408753.128418,1695776408753.663086,1695776408753.754150,1695776408788.433838,1695776408803.082275,1695776408893.874268,1695776408897.769775,1695776408899.203125
fn73_1,1695776408899.932373,1695776408900.161621,1695776408900.555176,1695776408900.653076,1695776408943.451904,1695776408955.867432,1695776408967.809082,1695776408984.103516,1695776408990.688721
fn72_1,1695776408870.759766,1695776408871.062012,1695776408871.478516,1695776408871.569824,1695776408925.403320,1695776408955.740967,1695776409003.836670,1695776409007.391357,1695776409007.892578
fn59_1,1695776408115.086426,1695776408115.546387,1695776408116.252930,1695776408116.307373,1695776408815.170898,1695776408817.000488,1695776409114.915771,1695776409119.837158,1695776409122.013428
fn75_1,1695776409008.434570,1695776409008.630371,1695776409009.028320,1695776409009.141846,1695776409129.863281,1695776409138.350586,1695776409144.009521,1695776409159.053711,1695776409161.227295
fn69_1,1695776408663.503662,1695776408669.055176,1695776408670.525635,1695776408670.734375,1695776408717.993408,1695776408751.450684,1695776409159.172852,1695776409163.185547,1695776409164.170410
fn70_1,1695776408714.419922,1695776408715.710693,1695776408716.326660,1695776408717.339111,1695776409317.018799,1695776409323.030029,1695776409323.595703,1695776409328.981934,1695776409329.564209
fn79_1,1695776409330.494385,1695776409331.120117,1695776409332.172119,1695776409332.347412,1695776409364.817383,1695776409368.585938,1695776409401.225342,1695776409406.507568,1695776409407.056885
fn80_1,1695776409407.687012,1695776409407.819336,1695776409408.488037,1695776409408.548584,1695776409437.491699,1695776409441.191650,1695776409455.741699,1695776409464.975098,1695776409466.971924
fn81_1,1695776409467.549805,1695776409467.736572,1695776409468.303955,1695776409468.369629,1695776409513.525879,1695776409531.004150,1695776409685.333008,1695776409688.249023,1695776409690.598633
fn74_1,1695776408991.536621,1695776408991.792969,1695776408992.509277,1695776408992.593262,1695776409697.964355,1695776409718.874268,1695776409718.883301,1695776409727.614258,1695776409730.177734
fn77_1,1695776409164.134521,1695776409164.788574,1695776409165.316650,1695776409165.477051,1695776409709.679199,1695776409710.176025,1695776409739.672607,1695776409745.178467,1695776409746.404785
fn84_1,1695776409747.148438,1695776409747.368896,1695776409750.622070,1695776409750.693848,1695776409791.453125,1695776409789.678955,1695776409791.854248,1695776409798.302979,1695776409807.799316
fn83_1,1695776409742.035156,1695776409742.345703,1695776409743.023926,1695776409743.093994,1695776409799.352051,1695776409801.422607,1695776409806.237061,1695776409823.377197,1695776409824.207520
fn86_1,1695776409826.103516,1695776409826.553955,1695776409827.595215,1695776409827.835938,1695776409847.034912,1695776409844.458252,1695776409844.965576,1695776409854.462646,1695776409855.493408
fn85_1,1695776409810.533691,1695776409810.812012,1695776409811.420654,1695776409811.494141,1695776409830.026123,1695776409835.652588,1695776409869.766113,1695776409873.662109,1695776409875.408691
fn87_1,1695776409856.254883,1695776409856.550049,1695776409857.390625,1695776409857.461426,1695776409891.058105,1695776409880.280273,1695776409904.490967,1695776409919.307373,1695776409920.030273
fn88_1,1695776409881.927979,1695776409882.150391,1695776409886.116455,1695776409886.180420,1695776409914.059082,1695776409914.332764,1695776409914.871582,1695776409921.017334,1695776409926.060547
fn82_1,1695776409691.912109,1695776409692.361816,1695776409693.019531,1695776409693.166016,1695776409962.297607,1695776409974.587891,1695776409974.593262,1695776409992.197998,1695776409998.880615
fn89_1,1695776409926.446533,1695776409926.721680,1695776409927.640869,1695776409927.703369,1695776409971.461426,1695776409975.874023,1695776410080.502441,1695776410084.201904,1695776410086.549805
fn90_1,1695776409927.366211,1695776409928.030518,1695776409929.039795,1695776409929.089111,1695776409978.341309,1695776409984.427979,1695776410138.128906,1695776410141.382812,1695776410142.569580
fn92_1,1695776410087.135498,1695776410087.315186,1695776410088.593262,1695776410088.670166,1695776410145.099609,1695776410157.293945,1695776410178.252197,1695776410187.495850,1695776410188.561035
fn91_1,1695776409999.761963,1695776410006.127197,1695776410007.140137,1695776410007.208740,1695776410043.524170,1695776410059.251465,1695776410207.556641,1695776410213.266113,1695776410214.717285
fn95_1,1695776410216.460205,1695776410216.926270,1695776410217.799072,1695776410218.028564,1695776410251.745361,1695776410259.099609,1695776410262.998291,1695776410269.296387,1695776410270.048340
fn76_1,1695776409127.374268,1695776409127.739746,1695776409128.947266,1695776409129.104248,1695776410285.717285,1695776410287.042969,1695776410287.072510,1695776410295.912598,1695776410298.041748
fn96_1,1695776410270.658447,1695776410270.869873,1695776410271.594482,1695776410271.688477,1695776410309.613525,1695776410317.022461,1695776410333.695801,1695776410338.654541,1695776410342.086670
fn97_1,1695776410300.061035,1695776410300.438965,1695776410301.338379,1695776410301.426514,1695776410339.787109,1695776410336.455566,1695776410337.092773,1695776410350.753906,1695776410351.868408
fn99_1,1695776410352.690186,1695776410354.413086,1695776410355.365234,1695776410355.473389,1695776410384.962891,1695776410386.376221,1695776410407.208008,1695776410410.967529,1695776410412.165771
fn100_1,1695776410412.864258,1695776410413.069824,1695776410414.538574,1695776410414.605225,1695776410441.787109,1695776410478.933105,1695776410607.652588,1695776410618.441895,1695776410622.294922
fn94_1,1695776410189.523926,1695776410189.895752,1695776410190.806885,1695776410190.926025,1695776410618.109863,1695776410630.415771,1695776410630.417725,1695776410647.601807,1695776410648.322266
fn98_1,1695776410345.956543,1695776410346.566895,1695776410350.380615,1695776410350.492188,1695776410798.524658,1695776410810.595215,1695776410810.598145,1695776410819.278320,1695776410822.017822
fn102_1,1695776410649.308594,1695776410650.361084,1695776410651.208008,1695776410651.358887,1695776410690.118408,1695776410718.855713,1695776410840.421875,1695776410843.636963,1695776410844.315674
fn104_1,1695776410845.909180,1695776410846.388672,1695776410847.564697,1695776410848.533447,1695776410903.119873,1695776410902.842529,1695776410903.414062,1695776410908.530518,1695776410909.237549
fn103_1,1695776410822.610107,1695776410822.786621,1695776410823.344727,1695776410823.393555,1695776410879.238037,1695776410887.270752,1695776411011.849854,1695776411016.618896,1695776411022.395020
fn105_1,1695776410922.339844,1695776410922.682617,1695776410923.495361,1695776410923.599121,1695776410982.189453,1695776411007.464111,1695776411037.964355,1695776411047.592285,1695776411050.593262
fn101_1,1695776410622.885010,1695776410623.068115,1695776410624.098633,1695776410624.141846,1695776410689.753174,1695776410680.939453,1695776411099.824463,1695776411106.791504,1695776411108.079102
fn93_1,1695776410146.234375,1695776410146.469727,1695776410148.412354,1695776410148.626465,1695776411107.647705,1695776411106.168213,1695776411106.183594,1695776411132.778320,1695776411142.461182
fn108_1,1695776411108.868164,1695776411109.118652,1695776411110.069336,1695776411110.141602,1695776411155.916992,1695776411153.605713,1695776411295.801270,1695776411300.609863,1695776411301.225098
fn109_1,1695776411143.937012,1695776411144.245850,1695776411144.941895,1695776411145.021240,1695776411368.206543,1695776411372.788574,1695776411380.228516,1695776411387.687012,1695776411390.679199
fn111_1,1695776411392.932617,1695776411393.248779,1695776411394.141846,1695776411394.284424,1695776411417.757080,1695776411426.737305,1695776411426.741699,1695776411453.043213,1695776411454.628662
fn112_1,1695776411455.363281,1695776411455.624023,1695776411456.259766,1695776411456.328369,1695776411501.941650,1695776411519.606934,1695776411522.337646,1695776411540.001953,1695776411558.178711
fn78_1,1695776409164.925537,1695776409166.093018,1695776409166.477783,1695776409166.533691,1695776411759.531494,1695776411760.649902,1695776411760.671143,1695776411768.729980,1695776411775.385742
fn114_1,1695776411775.927979,1695776411776.200439,1695776411776.969238,1695776411777.051758,1695776411834.286377,1695776411821.983887,1695776411861.264648,1695776411864.970459,1695776411865.583984
fn107_1,1695776411051.564453,1695776411051.926758,1695776411062.583984,1695776411063.130127,1695776411974.847900,1695776411965.830322,1695776411966.608154,1695776411978.016846,1695776411986.702393
fn116_1,1695776411987.386963,1695776411987.545898,1695776411989.010986,1695776411989.080566,1695776412065.933105,1695776412070.923828,1695776412083.566895,1695776412089.610596,1695776412100.444824
fn113_1,1695776411558.946777,1695776411559.193115,1695776411562.141357,1695776411562.203857,1695776412069.718018,1695776412088.333008,1695776412222.298828,1695776412225.526855,1695776412226.110352
fn110_1,1695776411306.225342,1695776411310.023193,1695776411314.403076,1695776411314.552246,1695776412254.530762,1695776412274.239990,1695776412296.087402,1695776412307.786621,1695776412308.978027
fn118_1,1695776412226.746582,1695776412226.937744,1695776412227.731445,1695776412227.806641,1695776412263.428955,1695776412283.853271,1695776412361.014893,1695776412366.156006,1695776412366.685547
fn106_1,1695776411023.198242,1695776411033.118896,1695776411034.299805,1695776411034.487793,1695776412255.701904,1695776412262.790527,1695776412437.593506,1695776412440.756592,1695776412441.451172
fn121_1,1695776412442.166992,1695776412442.368408,1695776412443.050537,1695776412443.120850,1695776412496.990234,1695776412519.800781,1695776412519.815674,1695776412525.276855,1695776412526.374512
fn122_1,1695776412527.058350,1695776412527.354004,1695776412528.063232,1695776412528.219971,1695776412567.557617,1695776412575.296387,1695776412599.050781,1695776412603.609619,1695776412604.785400
fn119_1,1695776412310.446289,1695776412310.843506,1695776412313.043701,1695776412313.159424,1695776412585.797852,1695776412589.566406,1695776412590.131104,1695776412593.733887,1695776412594.289551
fn115_1,1695776411871.576904,1695776411871.999512,1695776411873.027832,1695776411873.148193,1695776412656.905762,1695776412665.319580,1695776412665.332031,1695776412681.736084,1695776412682.988770
fn123_1,1695776412615.433105,1695776412615.889404,1695776412617.085205,1695776412617.227051,1695776412680.883301,1695776412675.524658,1695776412690.198242,1695776412699.324219,1695776412703.161621
fn117_1,1695776412102.176025,1695776412104.447021,1695776412105.239014,1695776412106.217529,1695776412678.612061,1695776412682.841797,1695776412697.530029,1695776412704.745361,1695776412706.110840
fn124_1,1695776412615.561768,1695776412615.917236,1695776412616.965088,1695776412617.603760,1695776412650.812988,1695776412662.226074,1695776412702.518311,1695776412719.045410,1695776412719.668213
fn126_1,1695776412704.009521,1695776412705.475098,1695776412706.452637,1695776412706.544678,1695776412721.343506,1695776412725.203369,1695776412727.397461,1695776412733.170654,1695776412734.850586
fn120_1,1695776412367.425049,1695776412367.756836,1695776412368.682129,1695776412368.788086,1695776412760.312500,1695776412783.422607,1695776412787.801270,1695776412793.440674,1695776412794.253418
fn128_1,1695776412720.598877,1695776412720.904297,1695776412721.670898,1695776412721.729492,1695776412745.005615,1695776412747.879150,1695776412790.457520,1695776412794.109131,1695776412795.228271
fn125_1,1695776412683.711914,1695776412683.951172,1695776412684.565918,1695776412684.634033,1695776412708.137451,1695776412713.002930,1695776412803.780273,1695776412807.449707,1695776412818.031250
fn127_1,1695776412708.394287,1695776412715.557129,1695776412716.208984,1695776412716.290771,1695776412792.423340,1695776412779.016602,1695776412811.555420,1695776412818.400879,1695776412826.331299
fn129_1,1695776412735.703125,1695776412735.912842,1695776412736.616699,1695776412736.681885,1695776412748.541016,1695776412756.616455,1695776412822.205078,1695776412826.781006,1695776412828.701416
fn131_1,1695776412795.658203,1695776412795.822266,1695776412796.484863,1695776412796.522705,1695776412858.078125,1695776412860.501221,1695776412888.952393,1695776412893.160156,1695776412893.941406
fn132_1,1695776412822.161621,1695776412826.033447,1695776412828.232666,1695776412828.295654,1695776412866.190430,1695776412871.185059,1695776412887.831299,1695776412897.557373,1695776412898.493652
fn134_1,1695776412829.125977,1695776412829.280518,1695776412830.007080,1695776412830.045654,1695776412872.401855,1695776412871.186035,1695776412952.694092,1695776412957.547607,1695776412958.380615
fn136_1,1695776412899.316895,1695776412899.477295,1695776412900.049561,1695776412900.114258,1695776412939.103271,1695776412951.872070,1695776412972.354736,1695776412979.385010,1695776412986.353271
fn137_1,1695776412960.310791,1695776412960.518799,1695776412961.264404,1695776412961.347168,1695776412978.366211,1695776412985.025879,1695776412986.654053,1695776412991.784424,1695776412992.450928
fn135_1,1695776412894.889404,1695776412896.926758,1695776412898.283447,1695776412898.344727,1695776412938.360352,1695776412949.646484,1695776412991.023438,1695776412995.427490,1695776412998.018066
fn139_1,1695776412993.147949,1695776412993.363770,1695776412994.324463,1695776412994.524170,1695776413063.794434,1695776413064.950439,1695776413065.900391,1695776413081.864258,1695776413082.463135
fn140_1,1695776412998.862793,1695776412999.465820,1695776413000.329102,1695776413000.503662,1695776413059.117920,1695776413075.840088,1695776413111.106445,1695776413114.080078,1695776413115.145752
fn138_1,1695776412987.143799,1695776412987.356934,1695776412988.298828,1695776412988.387939,1695776413064.329102,1695776413078.590820,1695776413109.144043,1695776413113.768799,1695776413114.771240
fn141_1,1695776413083.161621,1695776413083.354004,1695776413084.089600,1695776413084.154297,1695776413131.482910,1695776413135.821533,1695776413194.442627,1695776413198.450439,1695776413206.420898
fn143_1,1695776413116.102295,1695776413116.411865,1695776413117.425049,1695776413117.465820,1695776413155.495361,1695776413160.849121,1695776413185.439941,1695776413189.961182,1695776413190.791504
fn142_1,1695776413116.006104,1695776413116.190918,1695776413116.898926,1695776413116.960449,1695776413140.583984,1695776413141.679688,1695776413212.216797,1695776413216.234131,1695776413217.799561
fn144_1,1695776413210.013916,1695776413212.982666,1695776413214.389648,1695776413214.463623,1695776413242.111572,1695776413248.669678,1695776413248.675537,1695776413253.259033,1695776413256.130127
fn145_1,1695776413210.016357,1695776413212.841064,1695776413215.115967,1695776413215.164307,1695776413262.119629,1695776413252.531738,1695776413256.708496,1695776413268.343994,1695776413269.800293
fn147_1,1695776413256.655273,1695776413262.453613,1695776413263.091309,1695776413263.149170,1695776413276.279785,1695776413289.524414,1695776413291.052246,1695776413300.111816,1695776413301.735840
fn148_1,1695776413270.518799,1695776413270.671631,1695776413272.948242,1695776413272.993896,1695776413290.564453,1695776413308.221191,1695776413335.620117,1695776413339.334229,1695776413339.982910
fn146_1,1695776413222.196777,1695776413222.469482,1695776413225.398438,1695776413225.558350,1695776413258.546875,1695776413259.146729,1695776413345.657227,1695776413350.749512,1695776413351.744141
fn149_1,1695776413306.202881,1695776413306.536377,1695776413307.173096,1695776413307.322021,1695776413337.260742,1695776413350.245850,1695776413351.762207,1695776413356.824463,1695776413357.700928
fn150_1,1695776413340.538574,1695776413340.781250,1695776413341.612061,1695776413346.038086,1695776413392.480957,1695776413399.520508,1695776413401.292969,1695776413434.031738,1695776413434.892822
fn152_1,1695776413358.254639,1695776413358.461426,1695776413359.489502,1695776413359.555176,1695776413411.289551,1695776413410.049561,1695776413460.478516,1695776413463.127686,1695776413463.956299
fn153_1,1695776413435.362061,1695776413435.511719,1695776413436.091797,1695776413436.146484,1695776413466.521484,1695776413459.743652,1695776413460.249268,1695776413469.734863,1695776413470.211426
fn151_1,1695776413352.249512,1695776413352.474365,1695776413353.452637,1695776413353.570557,1695776413396.800537,1695776413411.726318,1695776413467.881836,1695776413471.538574,1695776413477.365479
fn154_1,1695776413464.528320,1695776413466.028809,1695776413467.055664,1695776413467.145508,1695776413498.972168,1695776413483.719482,1695776413491.619385,1695776413501.325684,1695776413502.712646
fn156_1,1695776413477.695312,1695776413478.486084,1695776413479.096924,1695776413479.159180,1695776413543.191650,1695776413526.870605,1695776413529.073975,1695776413545.280762,1695776413546.223145
fn157_1,1695776413503.334229,1695776413503.490967,1695776413504.136719,1695776413504.206055,1695776413582.096680,1695776413591.262207,1695776413591.675781,1695776413598.096191,1695776413599.067139
fn158_1,1695776413549.917969,1695776413550.198486,1695776413553.708008,1695776413553.900391,1695776413594.044189,1695776413581.114014,1695776413582.808838,1695776413603.670898,1695776413604.406006
fn159_1,1695776413599.942871,1695776413600.137939,1695776413601.070801,1695776413601.121094,1695776413612.022461,1695776413619.313232,1695776413644.170166,1695776413649.506104,1695776413650.455566
fn130_1,1695776412795.123291,1695776412795.299561,1695776412796.184082,1695776412796.247559,1695776413652.521729,1695776413655.151855,1695776413668.358154,1695776413674.376221,1695776413681.938965
fn161_1,1695776413651.186035,1695776413651.334961,1695776413652.001953,1695776413652.121582,1695776413690.812256,1695776413664.083496,1695776413687.162842,1695776413693.338623,1695776413694.436035
fn163_1,1695776413702.144287,1695776413702.547119,1695776413703.431152,1695776413703.519775,1695776413762.165527,1695776413750.727295,1695776413751.238037,1695776413769.455566,1695776413774.021484
fn162_1,1695776413683.556396,1695776413683.822021,1695776413685.482910,1695776413685.569092,1695776413736.760254,1695776413734.684082,1695776413852.073975,1695776413855.809082,1695776413856.910400
fn164_1,1695776413775.075439,1695776413775.403320,1695776413776.117920,1695776413776.192871,1695776413829.776367,1695776413851.396729,1695776413851.404053,1695776413869.202881,1695776413878.259033
fn165_1,1695776413857.414795,1695776413857.594727,1695776413858.279785,1695776413858.342285,1695776413904.752441,1695776413917.216797,1695776413917.228760,1695776413930.502197,1695776413933.157471
fn167_1,1695776413938.468018,1695776413938.812988,1695776413939.467529,1695776413939.576172,1695776413983.068115,1695776413988.654785,1695776413992.236328,1695776414001.358154,1695776414005.826416
fn166_1,1695776413878.820068,1695776413879.037598,1695776413879.921875,1695776413880.000000,1695776413967.112305,1695776413982.807861,1695776414011.368896,1695776414024.034912,1695776414026.493896
fn155_1,1695776413477.050049,1695776413477.776367,1695776413480.406982,1695776413480.455322,1695776414004.548584,1695776413979.909424,1695776414022.336670,1695776414027.356934,1695776414027.913574
fn169_1,1695776414028.050537,1695776414030.331543,1695776414031.527832,1695776414032.443115,1695776414091.839111,1695776414095.111816,1695776414096.467285,1695776414110.465576,1695776414118.009277
fn168_1,1695776414006.844238,1695776414007.365723,1695776414014.204346,1695776414014.423096,1695776414069.728271,1695776414081.354004,1695776414114.788330,1695776414131.380615,1695776414132.422852
fn171_1,1695776414118.670654,1695776414119.171875,1695776414120.018066,1695776414120.202393,1695776414174.214111,1695776414178.521973,1695776414178.530273,1695776414183.560059,1695776414184.166260
fn172_1,1695776414133.967529,1695776414134.249268,1695776414135.250488,1695776414135.421875,1695776414187.183594,1695776414186.572998,1695776414212.376953,1695776414218.607666,1695776414219.441650
fn173_1,1695776414184.794678,1695776414184.964111,1695776414185.520996,1695776414185.573486,1695776414241.917480,1695776414245.525391,1695776414261.482178,1695776414266.346680,1695776414283.303955
fn133_1,1695776412826.820312,1695776412827.434570,1695776412828.781738,1695776412828.831543,1695776414244.078613,1695776414264.050049,1695776414264.063232,1695776414281.506592,1695776414283.036621
fn174_1,1695776414220.435059,1695776414221.054688,1695776414221.609619,1695776414221.791016,1695776414266.248291,1695776414284.551514,1695776414298.369629,1695776414304.133301,1695776414304.893555
fn175_1,1695776414290.398926,1695776414291.523193,1695776414292.138916,1695776414292.209473,1695776414323.990234,1695776414319.710449,1695776414319.723633,1695776414325.787598,1695776414326.737061
fn176_1,1695776414290.502197,1695776414290.740967,1695776414291.081299,1695776414291.181152,1695776414318.254150,1695776414326.531006,1695776414328.992920,1695776414335.046875,1695776414335.832275
fn178_1,1695776414327.456543,1695776414327.764648,1695776414328.229736,1695776414328.339355,1695776414349.408691,1695776414347.374512,1695776414347.868652,1695776414352.093506,1695776414352.626465
fn177_1,1695776414305.765869,1695776414306.135742,1695776414306.510742,1695776414306.643555,1695776414321.817627,1695776414340.761963,1695776414341.341797,1695776414373.178467,1695776414374.560303
fn179_1,1695776414336.405518,1695776414336.554443,1695776414336.817871,1695776414336.880371,1695776414355.051025,1695776414365.463135,1695776414375.020752,1695776414399.490234,1695776414400.306396
fn180_1,1695776414353.376953,1695776414353.675537,1695776414354.216309,1695776414354.297852,1695776414382.212402,1695776414385.806641,1695776414396.689453,1695776414401.063721,1695776414402.256348
fn181_1,1695776414375.290527,1695776414375.484863,1695776414375.907227,1695776414375.994873,1695776414403.488281,1695776414414.921875,1695776414442.638184,1695776414448.749756,1695776414449.647461
fn182_1,1695776414401.123535,1695776414401.343506,1695776414401.630127,1695776414401.718994,1695776414464.711426,1695776414479.008301,1695776414487.609375,1695776414506.500977,1695776414510.233643
fn170_1,1695776414028.368652,1695776414030.452881,1695776414031.338867,1695776414031.616455,1695776414542.680420,1695776414544.278320,1695776414544.302002,1695776414550.695068,1695776414554.298584
fn185_1,1695776414511.056396,1695776414511.207031,1695776414511.539795,1695776414511.609131,1695776414542.902832,1695776414543.163574,1695776414544.205811,1695776414570.697510,1695776414571.336426
fn187_1,1695776414571.826660,1695776414571.984375,1695776414572.248535,1695776414572.354980,1695776414598.112061,1695776414595.438477,1695776414595.455322,1695776414600.728027,1695776414601.586914
fn183_1,1695776414402.801270,1695776414403.050049,1695776414403.696533,1695776414403.792725,1695776414482.023438,1695776414477.682861,1695776414690.252197,1695776414693.188721,1695776414693.810059
fn160_1,1695776413605.535889,1695776413605.872559,1695776413606.563477,1695776413606.606201,1695776414518.745361,1695776414522.815674,1695776414695.136475,1695776414699.259033,1695776414700.176758
fn188_1,1695776414602.330322,1695776414602.528564,1695776414602.899414,1695776414602.975830,1695776414669.495361,1695776414690.675049,1695776414695.604004,1695776414703.648926,1695776414704.398193
fn189_1,1695776414694.465820,1695776414694.640869,1695776414694.896240,1695776414694.958740,1695776414742.009277,1695776414744.116211,1695776414761.012207,1695776414765.729492,1695776414766.394043
fn191_1,1695776414705.128418,1695776414705.453613,1695776414706.091797,1695776414706.237793,1695776414766.139893,1695776414764.352295,1695776414768.210449,1695776414772.393799,1695776414773.077881
fn184_1,1695776414450.447266,1695776414450.673828,1695776414451.061279,1695776414451.146484,1695776414765.141357,1695776414771.248779,1695776414771.253906,1695776414779.557129,1695776414780.875488
fn190_1,1695776414700.929199,1695776414701.165283,1695776414703.062744,1695776414703.123535,1695776414737.918457,1695776414747.798096,1695776414775.448730,1695776414779.930908,1695776414780.826172
fn195_1,1695776414783.230469,1695776414783.527100,1695776414783.797363,1695776414783.857178,1695776414800.404297,1695776414803.988770,1695776414805.377686,1695776414809.644775,1695776414810.362793
fn194_1,1695776414781.724121,1695776414782.043457,1695776414782.530029,1695776414782.601318,1695776414808.807373,1695776414818.993896,1695776414828.288574,1695776414832.378174,1695776414833.177734
fn186_1,1695776414554.915527,1695776414555.150391,1695776414555.618896,1695776414555.724609,1695776414830.927246,1695776414834.604492,1695776414839.783936,1695776414844.525391,1695776414845.073242
fn197_1,1695776414837.933838,1695776414838.188965,1695776414842.223877,1695776414842.320068,1695776414859.253174,1695776414860.787354,1695776414861.309326,1695776414866.396973,1695776414872.457031
fn198_1,1695776414845.721680,1695776414845.946533,1695776414846.409668,1695776414846.531494,1695776414904.697754,1695776414919.989990,1695776414944.858154,1695776414955.657471,1695776414956.447998
fn196_1,1695776414811.467285,1695776414811.785645,1695776414812.325928,1695776414812.438965,1695776414848.578369,1695776414836.960205,1695776415083.551270,1695776415088.410645,1695776415088.930420
fn193_1,1695776414773.567383,1695776414773.870117,1695776414774.530518,1695776414774.665283,1695776414800.900146,1695776414813.158447,1695776415100.408203,1695776415104.305664,1695776415105.082031
fn192_1,1695776414766.940186,1695776414767.073242,1695776414767.316406,1695776414767.361572,1695776415117.102295,1695776415129.986084,1695776415144.083008,1695776415148.554443,1695776415157.677002
fn201_1,1695776415089.533691,1695776415089.753174,1695776415090.256836,1695776415090.369629,1695776415162.266113,1695776415138.167236,1695776415138.183838,1695776415165.114502,1695776415166.040771
fn203_1,1695776415159.511230,1695776415159.687012,1695776415159.990234,1695776415160.048340,1695776415198.100342,1695776415200.498535,1695776415202.353027,1695776415208.383057,1695776415210.024414
fn204_1,1695776415170.984863,1695776415171.224121,1695776415171.500244,1695776415171.566650,1695776415195.346436,1695776415192.479736,1695776415205.425537,1695776415210.220215,1695776415211.237549
fn202_1,1695776415105.748779,1695776415105.953369,1695776415106.307617,1695776415108.502197,1695776415159.171143,1695776415187.194824,1695776415212.576904,1695776415225.223633,1695776415225.830566
fn206_1,1695776415211.890625,1695776415213.459717,1695776415213.774170,1695776415213.945312,1695776415245.559570,1695776415253.805176,1695776415268.626709,1695776415273.378174,1695776415274.081299
fn208_1,1695776415274.884277,1695776415275.059082,1695776415275.389893,1695776415275.450928,1695776415325.805664,1695776415325.763916,1695776415340.523438,1695776415344.657227,1695776415345.468994
fn209_1,1695776415346.893311,1695776415347.155762,1695776415347.610107,1695776415347.705078,1695776415379.133301,1695776415361.510986,1695776415385.510010,1695776415390.121826,1695776415390.991455
fn210_1,1695776415391.794189,1695776415392.337646,1695776415392.899902,1695776415393.117676,1695776415445.468506,1695776415456.969482,1695776415460.949463,1695776415464.614502,1695776415465.173340
fn207_1,1695776415226.760498,1695776415227.297607,1695776415227.856689,1695776415228.020508,1695776415510.480225,1695776415507.869629,1695776415517.874512,1695776415522.221436,1695776415523.582764
fn211_1,1695776415465.764648,1695776415466.041260,1695776415466.536621,1695776415466.664795,1695776415502.285889,1695776415524.620117,1695776415524.986084,1695776415529.823242,1695776415531.046875
fn213_1,1695776415533.982422,1695776415534.262451,1695776415534.673340,1695776415534.884033,1695776415563.352295,1695776415569.507080,1695776415626.254150,1695776415639.183594,1695776415640.005615
fn205_1,1695776415211.086914,1695776415211.265137,1695776415212.297363,1695776415212.375488,1695776415626.130859,1695776415645.770996,1695776415649.569824,1695776415657.380615,1695776415662.066895
fn200_1,1695776414957.081055,1695776414957.312012,1695776414957.739746,1695776414957.828125,1695776415603.149658,1695776415596.665527,1695776415667.305664,1695776415672.584473,1695776415674.196045
fn216_1,1695776415674.743652,1695776415674.968750,1695776415675.344727,1695776415675.426514,1695776415714.356445,1695776415699.452881,1695776415700.812988,1695776415716.513428,1695776415718.006104
fn212_1,1695776415528.610840,1695776415529.040039,1695776415529.386230,1695776415529.452637,1695776415562.786133,1695776415559.437988,1695776415723.985352,1695776415728.713135,1695776415730.010010
fn215_1,1695776415663.221680,1695776415663.680176,1695776415664.090088,1695776415664.154541,1695776415729.040527,1695776415717.520264,1695776415717.526123,1695776415731.968994,1695776415732.465820
fn218_1,1695776415730.670654,1695776415730.860596,1695776415731.290527,1695776415731.381836,1695776415760.132812,1695776415765.227295,1695776415765.266602,1695776415775.830811,1695776415776.373047
fn217_1,1695776415718.839600,1695776415719.125000,1695776415719.593750,1695776415719.687744,1695776415745.825195,1695776415768.988525,1695776415794.851807,1695776415803.626465,1695776415804.389160
fn220_1,1695776415776.955322,1695776415777.181641,1695776415777.442139,1695776415777.559082,1695776415807.368652,1695776415806.170898,1695776415807.496338,1695776415811.977051,1695776415813.152588
fn199_1,1695776414873.982422,1695776414874.269043,1695776414874.593750,1695776414874.694824,1695776415802.188477,1695776415811.772705,1695776415811.792480,1695776415816.719482,1695776415818.439453
fn221_1,1695776415805.069824,1695776415805.295410,1695776415805.621338,1695776415805.718506,1695776415824.315918,1695776415828.843018,1695776415830.768066,1695776415834.734375,1695776415835.536133
fn223_1,1695776415819.400635,1695776415819.790771,1695776415820.153809,1695776415820.246582,1695776415877.034912,1695776415865.475342,1695776415865.498535,1695776415881.029053,1695776415886.263916
fn222_1,1695776415813.735596,1695776415815.085938,1695776415815.475098,1695776415815.571289,1695776415867.300293,1695776415859.894531,1695776415900.931641,1695776415904.781006,1695776415905.621826
fn219_1,1695776415733.074463,1695776415733.271729,1695776415733.948486,1695776415733.993652,1695776415785.389648,1695776415799.896484,1695776415904.647705,1695776415908.266113,1695776415908.930664
fn224_1,1695776415846.058594,1695776415846.376953,1695776415846.739746,1695776415846.812256,1695776415883.819824,1695776415906.358643,1695776415914.426758,1695776415919.013672,1695776415920.129395
fn214_1,1695776415642.413574,1695776415642.678955,1695776415643.071045,1695776415643.167480,1695776415694.175293,1695776415698.836426,1695776415936.653564,1695776415939.965576,1695776415940.502686
fn225_1,1695776415886.825195,1695776415886.982178,1695776415887.294922,1695776415887.355225,1695776415908.599854,1695776415913.036133,1695776415932.282715,1695776415966.076904,1695776415967.071777
fn226_1,1695776415907.417969,1695776415907.748291,1695776415908.098389,1695776415908.219482,1695776415939.147461,1695776415931.795166,1695776415959.289551,1695776415962.781250,1695776415964.125244
fn229_1,1695776415940.856689,1695776415940.967285,1695776415941.206055,1695776415941.248535,1695776415950.377686,1695776415965.721924,1695776415974.404297,1695776415989.992432,1695776415990.624512
fn228_1,1695776415920.802002,1695776415920.983154,1695776415921.329834,1695776415921.407227,1695776415951.493164,1695776415970.823486,1695776416009.550049,1695776416022.664795,1695776416023.674072
fn230_1,1695776415972.427002,1695776415973.950928,1695776415974.293213,1695776415974.378662,1695776416014.997314,1695776416034.042480,1695776416035.546143,1695776416041.060547,1695776416042.471924
fn232_1,1695776415991.283936,1695776415991.531982,1695776415991.842773,1695776415991.922852,1695776416073.427002,1695776416046.042480,1695776416046.055176,1695776416083.890625,1695776416084.514648
fn234_1,1695776416043.273193,1695776416043.441162,1695776416043.795166,1695776416043.923340,1695776416084.396484,1695776416087.448486,1695776416096.083496,1695776416100.232666,1695776416101.045410
fn233_1,1695776416024.476807,1695776416024.672607,1695776416025.087891,1695776416025.176270,1695776416042.192871,1695776416060.178467,1695776416092.886475,1695776416105.632812,1695776416112.401611
fn236_1,1695776416101.548584,1695776416101.791260,1695776416102.107178,1695776416102.228760,1695776416159.142578,1695776416154.138672,1695776416154.678223,1695776416164.463135,1695776416165.357422
fn231_1,1695776415972.578369,1695776415972.917969,1695776415973.428467,1695776415973.539551,1695776416028.415039,1695776416047.565918,1695776416160.145752,1695776416165.647217,1695776416166.479248
fn238_1,1695776416166.353760,1695776416167.140625,1695776416169.294922,1695776416169.393799,1695776416208.686279,1695776416214.170898,1695776416214.954590,1695776416227.062256,1695776416228.031982
fn237_1,1695776416113.364746,1695776416118.385742,1695776416118.875732,1695776416120.235840,1695776416202.496338,1695776416210.432861,1695776416210.438232,1695776416226.842041,1695776416228.042725
fn239_1,1695776416169.706787,1695776416170.031250,1695776416170.433350,1695776416170.484619,1695776416228.836182,1695776416235.437012,1695776416235.441650,1695776416240.150391,1695776416240.993652
fn241_1,1695776416228.790771,1695776416228.988525,1695776416229.901123,1695776416229.962158,1695776416257.632324,1695776416257.745850,1695776416259.083252,1695776416262.717041,1695776416266.317383
fn242_1,1695776416241.650635,1695776416241.796143,1695776416242.093018,1695776416242.165771,1695776416278.206055,1695776416279.515869,1695776416357.527100,1695776416361.320801,1695776416361.994385
fn227_1,1695776415909.432129,1695776415911.714844,1695776415912.060059,1695776415912.152344,1695776416559.059082,1695776416560.562256,1695776416560.569580,1695776416565.469482,1695776416570.384277
fn244_1,1695776416362.408203,1695776416362.614990,1695776416363.306152,1695776416363.473145,1695776416568.767334,1695776416583.919189,1695776416585.482422,1695776416602.659668,1695776416603.497559
fn245_1,1695776416570.949707,1695776416571.118164,1695776416571.376953,1695776416571.432129,1695776416625.535889,1695776416647.861572,1695776416669.053467,1695776416675.080566,1695776416678.055176
fn235_1,1695776416086.751953,1695776416091.055420,1695776416091.446045,1695776416091.566895,1695776416543.585693,1695776416563.298584,1695776416728.899170,1695776416731.562500,1695776416732.544434
fn246_1,1695776416604.199707,1695776416604.490967,1695776416604.849854,1695776416604.981201,1695776416713.033447,1695776416716.867432,1695776416732.745605,1695776416742.999268,1695776416746.302734
fn240_1,1695776416228.680908,1695776416229.277100,1695776416229.628418,1695776416229.701416,1695776416557.324707,1695776416578.553223,1695776416770.403076,1695776416773.312256,1695776416774.159424
fn247_1,1695776416678.860107,1695776416679.110107,1695776416679.540527,1695776416679.635986,1695776416735.208008,1695776416745.770752,1695776416793.431641,1695776416798.837402,1695776416799.541016
fn249_1,1695776416746.971436,1695776416747.230713,1695776416747.722656,1695776416747.859863,1695776416783.447021,1695776416788.746338,1695776416822.076172,1695776416834.889648,1695776416836.037598
fn250_1,1695776416774.801270,1695776416774.973877,1695776416775.230957,1695776416775.295654,1695776416807.185547,1695776416792.890869,1695776416841.652588,1695776416850.621582,1695776416852.606934
fn253_1,1695776416857.415283,1695776416857.909180,1695776416858.350830,1695776416858.452148,1695776416897.159180,1695776416890.572021,1695776416892.674561,1695776416920.938965,1695776416926.104004
fn252_1,1695776416837.007080,1695776416837.225098,1695776416837.638672,1695776416837.735840,1695776416875.199219,1695776416857.818115,1695776416918.537354,1695776416931.803223,1695776416936.349121
fn251_1,1695776416831.299316,1695776416831.599609,1695776416832.392334,1695776416832.463135,1695776416846.210938,1695776416852.950195,1695776416932.499268,1695776416935.967529,1695776416938.563721
fn256_1,1695776416939.040771,1695776416939.224121,1695776416939.499268,1695776416939.616943,1695776416977.516357,1695776416985.058838,1695776416987.606689,1695776417004.273682,1695776417004.783203
fn257_1,1695776417005.352539,1695776417005.584961,1695776417005.960938,1695776417006.082764,1695776417039.159912,1695776417037.545898,1695776417157.021484,1695776417169.114014,1695776417170.202637
fn255_1,1695776416936.879150,1695776416937.016113,1695776416937.267822,1695776416937.320557,1695776417171.494629,1695776417150.547852,1695776417150.550293,1695776417178.000488,1695776417178.650391
fn248_1,1695776416733.278809,1695776416733.454834,1695776416733.750732,1695776416733.865234,1695776417122.600586,1695776417128.194580,1695776417177.120605,1695776417185.653809,1695776417186.219971
fn258_1,1695776417171.280762,1695776417171.484375,1695776417171.918945,1695776417171.964600,1695776417183.873535,1695776417195.505615,1695776417199.993652,1695776417220.706543,1695776417222.799316
fn260_1,1695776417186.828369,1695776417186.965820,1695776417187.229980,1695776417187.314209,1695776417212.385742,1695776417208.377930,1695776417227.321289,1695776417236.140869,1695776417237.005371
fn254_1,1695776416930.349854,1695776416930.630371,1695776416930.959961,1695776416931.042969,1695776416990.241455,1695776417007.827881,1695776417236.385742,1695776417241.478271,1695776417242.079834
fn259_1,1695776417179.181396,1695776417179.348877,1695776417179.671387,1695776417179.779785,1695776417237.175537,1695776417238.582764,1695776417243.732422,1695776417248.714844,1695776417249.883789
fn243_1,1695776416266.850830,1695776416267.023926,1695776416267.330811,1695776416267.380371,1695776417238.225830,1695776417244.720947,1695776417244.735596,1695776417251.124512,1695776417251.759521
fn261_1,1695776417224.202637,1695776417224.522705,1695776417224.857666,1695776417224.925293,1695776417250.225586,1695776417251.391113,1695776417252.096436,1695776417256.127197,1695776417256.507812
fn265_1,1695776417252.343750,1695776417252.555176,1695776417252.855225,1695776417252.930908,1695776417291.329346,1695776417285.016113,1695776417286.969238,1695776417307.916504,1695776417308.611328
fn266_1,1695776417259.350342,1695776417259.575439,1695776417259.929688,1695776417259.999268,1695776417292.683594,1695776417299.777588,1695776417305.478760,1695776417309.183838,1695776417310.626221
fn263_1,1695776417245.450439,1695776417245.760254,1695776417247.369385,1695776417247.506592,1695776417293.250732,1695776417304.667480,1695776417312.093262,1695776417317.707031,1695776417319.061279
fn262_1,1695776417237.823730,1695776417238.850098,1695776417239.648193,1695776417239.887207,1695776417291.183350,1695776417268.813721,1695776417316.369385,1695776417322.037842,1695776417324.235840
fn267_1,1695776417309.382324,1695776417309.571777,1695776417310.013428,1695776417310.094727,1695776417331.926514,1695776417330.614990,1695776417354.268066,1695776417367.290771,1695776417368.049805
fn264_1,1695776417250.533936,1695776417250.725098,1695776417250.999023,1695776417251.052002,1695776417279.727783,1695776417297.610107,1695776417363.724609,1695776417368.208252,1695776417368.976562
fn268_1,1695776417311.154785,1695776417311.337891,1695776417311.611572,1695776417311.673096,1695776417347.603271,1695776417335.927246,1695776417341.079346,1695776417369.496826,1695776417370.716309
fn269_1,1695776417320.043457,1695776417323.061768,1695776417323.521973,1695776417323.787109,1695776417371.071533,1695776417368.690186,1695776417371.653809,1695776417388.764893,1695776417389.608887
fn270_1,1695776417331.298828,1695776417331.556152,1695776417331.856445,1695776417332.081543,1695776417397.609863,1695776417383.592773,1695776417384.105469,1695776417407.941895,1695776417414.593750
fn271_1,1695776417368.850830,1695776417369.132324,1695776417369.531250,1695776417369.581787,1695776417394.224121,1695776417401.611084,1695776417432.410645,1695776417436.452881,1695776417437.974121
fn273_1,1695776417371.359863,1695776417371.532471,1695776417371.897461,1695776417371.962158,1695776417403.063721,1695776417410.116699,1695776417435.375977,1695776417440.657715,1695776417441.308838
fn272_1,1695776417369.561523,1695776417369.918945,1695776417370.221924,1695776417370.296387,1695776417422.145020,1695776417425.707275,1695776417427.833496,1695776417451.210449,1695776417451.661133
fn276_1,1695776417440.094971,1695776417440.320068,1695776417440.694092,1695776417440.787109,1695776417458.867676,1695776417451.044678,1695776417455.418457,1695776417462.452393,1695776417466.594971
fn275_1,1695776417415.121338,1695776417415.261719,1695776417415.524170,1695776417415.592285,1695776417430.391846,1695776417433.141602,1695776417466.139893,1695776417471.600342,1695776417472.420166
fn278_1,1695776417452.202637,1695776417458.972168,1695776417459.467285,1695776417459.597900,1695776417487.914307,1695776417484.134277,1695776417485.943115,1695776417506.697754,1695776417507.370605
fn280_1,1695776417473.047607,1695776417473.228271,1695776417473.611572,1695776417473.668945,1695776417510.256104,1695776417507.572021,1695776417508.633545,1695776417512.312256,1695776417514.258545
fn279_1,1695776417467.569092,1695776417467.739990,1695776417467.991211,1695776417468.064697,1695776417505.828857,1695776417502.027588,1695776417502.510010,1695776417514.510498,1695776417516.369873
fn277_1,1695776417441.722900,1695776417442.453369,1695776417442.683105,1695776417442.726562,1695776417476.343018,1695776417479.694580,1695776417526.417725,1695776417530.753662,1695776417532.970215
fn282_1,1695776417515.029053,1695776417515.218506,1695776417515.875977,1695776417516.010986,1695776417544.001709,1695776417546.581299,1695776417547.768555,1695776417557.082275,1695776417558.583008
fn285_1,1695776417559.372803,1695776417559.594727,1695776417560.027100,1695776417560.119385,1695776417598.211182,1695776417597.628174,1695776417597.631592,1695776417616.945801,1695776417618.284912
fn284_1,1695776417533.526367,1695776417533.687744,1695776417534.008301,1695776417534.078857,1695776417567.010254,1695776417579.314697,1695776417620.205811,1695776417623.663086,1695776417624.606445
fn283_1,1695776417516.996094,1695776417517.182861,1695776417517.495605,1695776417517.564453,1695776417558.228760,1695776417531.478760,1695776417612.048096,1695776417644.828369,1695776417654.017090
fn288_1,1695776417654.879395,1695776417655.058594,1695776417655.324219,1695776417655.399170,1695776417696.848877,1695776417691.922852,1695776417691.929443,1695776417699.311035,1695776417700.150879
fn286_1,1695776417622.919678,1695776417623.171631,1695776417623.565430,1695776417623.671631,1695776417679.216309,1695776417700.810791,1695776417703.573486,1695776417723.073975,1695776417723.701416
fn287_1,1695776417630.512695,1695776417630.960205,1695776417631.498047,1695776417631.658203,1695776417697.259277,1695776417688.813232,1695776417698.664062,1695776417724.794678,1695776417725.661377
fn291_1,1695776417726.145508,1695776417726.291992,1695776417726.982422,1695776417727.026855,1695776417738.520508,1695776417740.850098,1695776417742.199707,1695776417756.607910,1695776417757.306641
fn290_1,1695776417724.261475,1695776417724.408936,1695776417724.661865,1695776417724.721436,1695776417755.748535,1695776417743.667969,1695776417774.069824,1695776417779.155029,1695776417786.325195
fn281_1,1695776417507.833740,1695776417507.952881,1695776417508.187988,1695776417508.244141,1695776417520.276123,1695776417534.948730,1695776417786.095947,1695776417789.291992,1695776417790.122314
fn294_1,1695776417794.762695,1695776417795.099609,1695776417795.689941,1695776417795.825195,1695776417837.236572,1695776417821.619629,1695776417821.629395,1695776417839.037109,1695776417839.518799
fn293_1,1695776417790.365967,1695776417790.563477,1695776417790.960205,1695776417791.037598,1695776417837.175537,1695776417837.692383,1695776417838.376953,1695776417845.407959,1695776417846.015625
fn292_1,1695776417761.933838,1695776417762.320312,1695776417762.864990,1695776417762.949219,1695776417796.493652,1695776417804.044189,1695776417892.818359,1695776417907.652344,1695776417909.599121
fn289_1,1695776417700.787354,1695776417700.968750,1695776417701.327637,1695776417701.405762,1695776417712.351807,1695776417713.829590,1695776417903.812744,1695776417908.221191,1695776417909.166016
fn296_1,1695776417846.577881,1695776417846.774902,1695776417847.166504,1695776417847.251953,1695776417867.545654,1695776417892.843018,1695776417917.639893,1695776417926.584229,1695776417933.656982
fn295_1,1695776417842.096191,1695776417842.267578,1695776417842.518799,1695776417842.580811,1695776417882.344727,1695776417870.930176,1695776417940.598389,1695776417943.455566,1695776417946.044434
fn297_1,1695776417910.348633,1695776417911.762207,1695776417912.125732,1695776417912.283447,1695776417962.126953,1695776417953.636475,1695776417953.659180,1695776417976.017822,1695776417981.512207
fn298_1,1695776417910.422119,1695776417910.735107,1695776417913.663330,1695776417913.760254,1695776417950.599121,1695776417967.079102,1695776417993.378418,1695776417997.391357,1695776417997.909668
fn301_1,1695776417982.527344,1695776417982.751953,1695776417983.137451,1695776417983.221680,1695776418005.885254,1695776418025.880615,1695776418027.371094,1695776418048.867188,1695776418050.039795
fn302_1,1695776417998.580078,1695776418001.234619,1695776418001.664307,1695776418001.712402,1695776418062.041748,1695776418032.243896,1695776418038.684570,1695776418065.400635,1695776418071.192139
fn303_1,1695776418050.768799,1695776418054.048584,1695776418054.422607,1695776418054.528564,1695776418158.399902,1695776418117.158203,1695776418281.214111,1695776418285.703125,1695776418286.726318
fn299_1,1695776417934.278076,1695776417934.535645,1695776417934.934082,1695776417935.082520,1695776418001.263428,1695776418021.429932,1695776418295.733887,1695776418299.710205,1695776418300.561035
fn274_1,1695776417394.403809,1695776417394.588379,1695776417394.916016,1695776417394.985352,1695776418334.533203,1695776418347.186279,1695776418347.219238,1695776418363.191406,1695776418368.060303
fn307_1,1695776418375.349609,1695776418375.755127,1695776418376.120361,1695776418376.218018,1695776418404.857178,1695776418390.735352,1695776418401.448242,1695776418407.102051,1695776418410.706543
fn304_1,1695776418071.903809,1695776418072.083496,1695776418072.550537,1695776418072.688232,1695776418336.030029,1695776418343.994629,1695776418400.927734,1695776418414.627197,1695776418415.488525
fn306_1,1695776418301.277588,1695776418301.485107,1695776418301.801514,1695776418301.923340,1695776418411.168945,1695776418381.719238,1695776418382.213135,1695776418415.891602,1695776418416.692139
fn310_1,1695776418418.022949,1695776418418.198975,1695776418418.527344,1695776418418.613770,1695776418493.303467,1695776418508.090332,1695776418520.724609,1695776418524.404053,1695776418525.187500
fn309_1,1695776418417.014160,1695776418417.618408,1695776418419.454834,1695776418419.515869,1695776418494.372070,1695776418513.310059,1695776418514.865723,1695776418532.135498,1695776418532.869141
fn311_1,1695776418525.762207,1695776418525.925537,1695776418526.182861,1695776418526.243652,1695776418593.523926,1695776418602.608154,1695776418633.715332,1695776418637.615234,1695776418638.982178
fn312_1,1695776418533.407227,1695776418533.601318,1695776418534.095703,1695776418534.144531,1695776418590.788086,1695776418605.764160,1695776418609.596436,1695776418631.349609,1695776418638.024902
fn314_1,1695776418654.406738,1695776418654.683838,1695776418655.098633,1695776418655.201416,1695776418716.555420,1695776418724.353516,1695776418727.122070,1695776418736.850586,1695776418737.468018
fn313_1,1695776418654.226318,1695776418656.308594,1695776418656.996826,1695776418657.206299,1695776418726.019043,1695776418733.145996,1695776418738.454590,1695776418741.826172,1695776418742.403320
fn308_1,1695776418411.619141,1695776418411.757812,1695776418412.035645,1695776418412.116455,1695776418744.252686,1695776418751.548584,1695776418751.558105,1695776418772.425781,1695776418772.964355
fn317_1,1695776418774.091309,1695776418774.281494,1695776418774.635010,1695776418774.712646,1695776418818.744141,1695776418796.265381,1695776418819.368408,1695776418823.833984,1695776418824.495117
fn300_1,1695776417947.609619,1695776417947.967773,1695776417948.574951,1695776417948.739990,1695776418854.525146,1695776418856.004639,1695776418856.011230,1695776418861.096924,1695776418864.071777
fn316_1,1695776418743.155273,1695776418743.420654,1695776418743.794434,1695776418743.862793,1695776418784.860107,1695776418796.239990,1695776418894.687012,1695776418904.490967,1695776418906.862305
fn315_1,1695776418742.685791,1695776418742.849609,1695776418743.747803,1695776418743.834961,1695776418784.837402,1695776418785.607422,1695776419005.398926,1695776419008.557861,1695776419009.124512
fn320_1,1695776418907.752197,1695776418907.922607,1695776418908.501953,1695776418908.556396,1695776418972.681152,1695776418984.270996,1695776419033.175293,1695776419037.211914,1695776419040.328125
fn322_1,1695776419041.065918,1695776419041.247559,1695776419041.544434,1695776419041.640381,1695776419080.304199,1695776419095.710938,1695776419096.391357,1695776419105.374512,1695776419106.656250
fn318_1,1695776418830.482422,1695776418830.892578,1695776418831.362061,1695776418831.497070,1695776418863.651123,1695776418864.436523,1695776419117.791748,1695776419124.887451,1695776419125.761475
fn324_1,1695776419129.963867,1695776419130.494141,1695776419131.086426,1695776419131.250732,1695776419202.930420,1695776419177.889160,1695776419178.333008,1695776419207.524658,1695776419210.243896
fn323_1,1695776419107.139648,1695776419107.291992,1695776419107.973145,1695776419108.038574,1695776419174.396973,1695776419190.937988,1695776419199.614746,1695776419208.266357,1695776419209.981445
fn325_1,1695776419214.509277,1695776419214.920166,1695776419215.306396,1695776419215.397705,1695776419266.282959,1695776419260.750244,1695776419290.976807,1695776419299.847656,1695776419301.188232
fn319_1,1695776418864.893066,1695776418865.175049,1695776418865.674072,1695776418865.967285,1695776419203.744873,1695776419205.722168,1695776419314.784668,1695776419317.628662,1695776419318.207275
fn326_1,1695776419214.683350,1695776419215.724365,1695776419216.019043,1695776419216.064697,1695776419266.845215,1695776419237.146973,1695776419332.605225,1695776419338.426270,1695776419339.016357
fn305_1,1695776418287.450439,1695776418287.670410,1695776418288.178467,1695776418288.293457,1695776419360.767334,1695776419377.260010,1695776419377.277588,1695776419384.420898,1695776419385.057617
fn329_1,1695776419339.706787,1695776419340.043945,1695776419340.404297,1695776419340.528076,1695776419400.075928,1695776419394.939453,1695776419394.953857,1695776419414.293701,1695776419415.150146
fn328_1,1695776419318.921387,1695776419319.260010,1695776419320.148193,1695776419320.350830,1695776419361.285645,1695776419383.441406,1695776419415.081055,1695776419418.857910,1695776419425.381104
fn332_1,1695776419429.817627,1695776419430.392090,1695776419430.949219,1695776419431.114258,1695776419468.754639,1695776419464.666260,1695776419465.918701,1695776419472.305176,1695776419474.530273
fn330_1,1695776419386.469482,1695776419400.353027,1695776419401.019043,1695776419401.058594,1695776419442.666504,1695776419456.273926,1695776419456.968750,1695776419470.999512,1695776419474.878418
fn331_1,1695776419415.827393,1695776419416.012207,1695776419416.401367,1695776419416.501465,1695776419462.572754,1695776419460.337891,1695776419467.771240,1695776419475.944336,1695776419476.720947
fn333_1,1695776419475.490967,1695776419476.419434,1695776419477.829590,1695776419478.652344,1695776419530.919922,1695776419542.112549,1695776419543.443848,1695776419551.747314,1695776419552.519531
fn334_1,1695776419475.563965,1695776419476.628906,1695776419477.099854,1695776419478.070068,1695776419551.283691,1695776419566.484131,1695776419570.809814,1695776419574.700684,1695776419575.407715
fn335_1,1695776419477.481934,1695776419478.664307,1695776419479.192871,1695776419479.336914,1695776419542.267822,1695776419542.984375,1695776419616.583008,1695776419621.203369,1695776419622.142090
fn336_1,1695776419562.602783,1695776419563.141113,1695776419563.672119,1695776419563.823730,1695776419650.228760,1695776419664.129883,1695776419669.791504,1695776419679.326172,1695776419680.218262
fn338_1,1695776419622.746826,1695776419622.889893,1695776419623.135498,1695776419623.199463,1695776419677.002441,1695776419668.319092,1695776419668.323486,1695776419687.720703,1695776419690.290771
fn337_1,1695776419576.449707,1695776419577.184326,1695776419577.687256,1695776419578.359863,1695776419624.741699,1695776419642.231689,1695776419693.641846,1695776419697.515625,1695776419698.448486
fn341_1,1695776419699.244629,1695776419699.418213,1695776419699.769775,1695776419699.837891,1695776419769.707031,1695776419748.654541,1695776419782.688232,1695776419811.520752,1695776419812.304932
fn340_1,1695776419691.419678,1695776419691.690430,1695776419691.999756,1695776419692.098145,1695776419770.677246,1695776419760.387207,1695776419854.818604,1695776419858.416504,1695776419859.116943
fn342_1,1695776419812.850586,1695776419812.999268,1695776419813.289307,1695776419813.533691,1695776419844.418457,1695776419859.723145,1695776419936.432373,1695776419949.299072,1695776419949.867920
fn321_1,1695776419017.968750,1695776419018.286133,1695776419018.705566,1695776419018.802979,1695776419951.930908,1695776419956.694580,1695776419956.717285,1695776419961.137207,1695776419962.061768
fn345_1,1695776419965.769775,1695776419966.015625,1695776419966.344238,1695776419966.399658,1695776419997.864258,1695776420009.955078,1695776420022.936768,1695776420026.421143,1695776420027.167725
fn327_1,1695776419301.860596,1695776419302.272705,1695776419302.761230,1695776419302.994873,1695776420002.803955,1695776420012.343506,1695776420012.350830,1695776420027.565186,1695776420028.284424
fn344_1,1695776419950.455078,1695776419950.632080,1695776419950.944336,1695776419950.992676,1695776420011.271973,1695776420011.944580,1695776420013.661865,1695776420034.423828,1695776420039.561279
fn346_1,1695776420027.803467,1695776420028.076660,1695776420028.353516,1695776420028.399658,1695776420054.134277,1695776420059.137939,1695776420071.137939,1695776420089.921875,1695776420091.160400
fn348_1,1695776420040.259521,1695776420040.484131,1695776420040.796875,1695776420040.870605,1695776420088.175537,1695776420080.074463,1695776420086.159912,1695776420091.082275,1695776420091.504395
fn347_1,1695776420028.900146,1695776420029.031982,1695776420029.250488,1695776420029.304932,1695776420093.791748,1695776420073.616211,1695776420074.167236,1695776420095.843506,1695776420096.883057
fn350_1,1695776420092.019287,1695776420092.578857,1695776420092.796875,1695776420092.826660,1695776420111.467041,1695776420112.428223,1695776420117.367188,1695776420122.837646,1695776420131.730225
fn349_1,1695776420091.791260,1695776420091.909912,1695776420092.255127,1695776420092.315674,1695776420112.680664,1695776420124.087158,1695776420154.649170,1695776420178.618896,1695776420179.252197
fn352_1,1695776420134.570068,1695776420134.853027,1695776420135.164307,1695776420135.214844,1695776420171.330078,1695776420171.685791,1695776420172.242432,1695776420182.926270,1695776420183.740967
fn351_1,1695776420097.651123,1695776420098.033691,1695776420098.572266,1695776420098.697266,1695776420140.547119,1695776420149.615723,1695776420181.777344,1695776420188.703125,1695776420189.464355
fn353_1,1695776420179.763428,1695776420180.100098,1695776420180.670654,1695776420180.837646,1695776420200.912842,1695776420202.078125,1695776420229.928711,1695776420234.840576,1695776420235.566895
fn355_1,1695776420191.460938,1695776420191.767090,1695776420192.207764,1695776420192.338379,1695776420257.211426,1695776420236.986084,1695776420237.021973,1695776420265.633789,1695776420266.829346
fn357_1,1695776420267.329834,1695776420267.511230,1695776420267.797363,1695776420267.860107,1695776420331.387939,1695776420319.798584,1695776420330.372559,1695776420335.612061,1695776420336.115234
fn358_1,1695776420336.618408,1695776420336.773682,1695776420337.050781,1695776420337.115234,1695776420377.184082,1695776420389.499268,1695776420390.139160,1695776420407.181885,1695776420407.793213
fn356_1,1695776420236.098877,1695776420236.288086,1695776420236.646240,1695776420236.727295,1695776420268.781006,1695776420288.973145,1695776420439.875977,1695776420452.886475,1695776420453.975586
fn360_1,1695776420455.303711,1695776420455.481689,1695776420456.248535,1695776420456.319092,1695776420547.142090,1695776420551.435547,1695776420596.568604,1695776420600.630127,1695776420601.873779
fn359_1,1695776420408.588623,1695776420408.756592,1695776420409.090332,1695776420409.194336,1695776420439.402344,1695776420443.411133,1695776420599.422119,1695776420602.773926,1695776420603.878662
fn339_1,1695776419680.887451,1695776419681.042236,1695776419681.336426,1695776419681.481201,1695776420586.561279,1695776420584.146240,1695776420584.163574,1695776420602.422119,1695776420603.977295
fn343_1,1695776419859.747314,1695776419860.239014,1695776419860.683350,1695776419860.863037,1695776420586.246582,1695776420560.047607,1695776420560.055176,1695776420608.486816,1695776420609.403076
fn363_1,1695776420604.434326,1695776420604.993896,1695776420605.993652,1695776420606.042725,1695776420637.976562,1695776420628.732422,1695776420630.489746,1695776420650.045410,1695776420650.893555
fn354_1,1695776420184.486816,1695776420184.732178,1695776420185.011963,1695776420185.062500,1695776420549.947021,1695776420557.691162,1695776420697.183838,1695776420701.151367,1695776420702.861816
fn365_1,1695776420651.502441,1695776420651.690674,1695776420651.991455,1695776420652.218262,1695776420742.244873,1695776420751.459717,1695776420751.466309,1695776420755.637451,1695776420756.406738
fn366_1,1695776420703.847168,1695776420704.118408,1695776420704.559326,1695776420704.655518,1695776420742.210938,1695776420751.246826,1695776420752.332764,1695776420761.683350,1695776420762.322754
fn367_1,1695776420757.120117,1695776420757.449707,1695776420757.987305,1695776420758.098389,1695776420796.660889,1695776420798.627197,1695776420798.658203,1695776420809.341553,1695776420810.841309
fn364_1,1695776420610.280029,1695776420610.579102,1695776420611.028076,1695776420611.156006,1695776420638.112793,1695776420638.845215,1695776420857.269775,1695776420871.964355,1695776420872.928223
fn370_1,1695776420874.320557,1695776420874.624268,1695776420875.019287,1695776420875.111328,1695776420907.699707,1695776420923.351807,1695776420923.357666,1695776420928.622070,1695776420929.364502
fn369_1,1695776420811.406250,1695776420811.564453,1695776420811.916504,1695776420811.982666,1695776420891.293701,1695776420904.218750,1695776420926.864990,1695776420931.736084,1695776420932.145508
fn371_1,1695776420930.062988,1695776420930.351074,1695776420930.696777,1695776420930.816406,1695776420951.694824,1695776420957.600830,1695776420959.656494,1695776420971.328613,1695776420972.055176
fn373_1,1695776420972.785645,1695776420972.990723,1695776420973.353760,1695776420973.426758,1695776421013.457520,1695776421023.180664,1695776421023.193115,1695776421029.297852,1695776421029.902832
fn361_1,1695776420604.165039,1695776420606.640381,1695776420607.371094,1695776420607.487305,1695776420891.870361,1695776420904.789062,1695776421194.587158,1695776421197.923584,1695776421198.842285
fn372_1,1695776420932.641357,1695776420932.937012,1695776420933.324463,1695776420933.419189,1695776420962.317871,1695776420973.631836,1695776421296.798096,1695776421307.773193,1695776421308.706055
fn374_1,1695776421030.885010,1695776421031.088867,1695776421031.404785,1695776421031.499756,1695776421309.457764,1695776421314.270264,1695776421347.327148,1695776421358.724854,1695776421363.944336
fn377_1,1695776421364.658936,1695776421364.873779,1695776421365.276123,1695776421365.347656,1695776421418.064941,1695776421413.729492,1695776421419.361328,1695776421435.416016,1695776421438.457275
fn376_1,1695776421309.205078,1695776421309.397461,1695776421309.790527,1695776421309.860596,1695776421363.200195,1695776421354.276611,1695776421466.737793,1695776421470.203125,1695776421471.154785
fn378_1,1695776421439.402100,1695776421439.627930,1695776421439.965576,1695776421440.054443,1695776421514.253418,1695776421510.092529,1695776421510.101562,1695776421525.950928,1695776421530.349121
fn379_1,1695776421471.894287,1695776421472.121582,1695776421472.484131,1695776421472.564453,1695776421532.022461,1695776421522.794189,1695776421523.278076,1695776421536.888428,1695776421538.477295
fn380_1,1695776421533.942383,1695776421534.160400,1695776421534.448486,1695776421534.524170,1695776421564.722656,1695776421560.272461,1695776421611.234863,1695776421615.879150,1695776421616.774170
fn375_1,1695776421199.614502,1695776421204.852783,1695776421205.298828,1695776421205.386230,1695776421302.912109,1695776421322.583496,1695776421652.472168,1695776421655.287598,1695776421656.245850
fn382_1,1695776421617.353516,1695776421617.508301,1695776421617.800293,1695776421617.885498,1695776421662.143311,1695776421677.122070,1695776421697.457275,1695776421701.798584,1695776421707.354004
fn383_1,1695776421656.850342,1695776421657.008057,1695776421662.781006,1695776421662.847412,1695776421682.084473,1695776421688.718262,1695776421690.470215,1695776421703.532227,1695776421706.653320
fn368_1,1695776420763.094971,1695776420763.321533,1695776420763.812500,1695776420763.920654,1695776421052.916016,1695776421060.541260,1695776421713.606934,1695776421717.006592,1695776421717.531982
fn384_1,1695776421708.171631,1695776421708.844727,1695776421709.235352,1695776421709.332520,1695776421748.537842,1695776421759.890381,1695776421762.905518,1695776421767.839355,1695776421768.502441
fn385_1,1695776421708.298096,1695776421708.581055,1695776421711.288086,1695776421711.367432,1695776421751.729980,1695776421760.444580,1695776421791.558105,1695776421794.600586,1695776421798.897705
fn386_1,1695776421718.480225,1695776421727.773926,1695776421728.143066,1695776421728.216309,1695776421766.110840,1695776421773.324219,1695776421826.676758,1695776421832.250244,1695776421833.004395
fn381_1,1695776421539.159668,1695776421539.362549,1695776421539.756348,1695776421539.860840,1695776421766.075684,1695776421769.136475,1695776421866.705566,1695776421870.379395,1695776421870.819580
fn388_1,1695776421799.989502,1695776421800.179932,1695776421800.482910,1695776421800.543457,1695776421831.801514,1695776421830.733643,1695776421864.977295,1695776421876.013916,1695776421876.404541
fn391_1,1695776421876.829102,1695776421876.979248,1695776421877.238525,1695776421877.334961,1695776421891.306641,1695776421889.201660,1695776421923.031738,1695776421930.781738,1695776421931.544678
fn389_1,1695776421833.563232,1695776421833.905518,1695776421834.189941,1695776421834.239746,1695776421867.840332,1695776421851.371338,1695776421986.564941,1695776421991.118652,1695776421994.118408
fn392_1,1695776421932.108398,1695776421935.638428,1695776421936.144775,1695776421936.194824,1695776421988.091797,1695776421993.189697,1695776422062.866943,1695776422071.011475,1695776422071.638428
fn394_1,1695776422074.053223,1695776422074.543457,1695776422075.088379,1695776422075.243896,1695776422116.180908,1695776422120.330811,1695776422121.909668,1695776422130.956787,1695776422131.638428
fn362_1,1695776420604.341553,1695776420605.017578,1695776420605.457520,1695776420605.623779,1695776421009.491699,1695776421018.038574,1695776422196.060303,1695776422199.022949,1695776422199.492920
fn395_1,1695776422132.767334,1695776422133.085693,1695776422133.516113,1695776422133.693604,1695776422174.164795,1695776422176.791992,1695776422204.777100,1695776422208.429443,1695776422210.032959
fn396_1,1695776422200.908447,1695776422201.292969,1695776422201.765869,1695776422201.981445,1695776422250.095459,1695776422264.006348,1695776422264.012207,1695776422271.557129,1695776422272.849365
fn393_1,1695776421994.828125,1695776421995.131348,1695776421995.530273,1695776421995.677246,1695776422044.694092,1695776422055.183350,1695776422309.941895,1695776422312.572021,1695776422313.359375
fn397_1,1695776422210.846924,1695776422211.058594,1695776422211.521240,1695776422211.710449,1695776422264.645752,1695776422274.315918,1695776422429.502686,1695776422443.163574,1695776422444.328613
fn390_1,1695776421871.271484,1695776421871.423096,1695776421871.761719,1695776421871.841797,1695776422488.902344,1695776422507.249268,1695776422507.258545,1695776422527.147705,1695776422536.852783
fn400_1,1695776422445.345459,1695776422446.296143,1695776422446.793701,1695776422446.999268,1695776422484.747314,1695776422491.999268,1695776422525.766846,1695776422529.686768,1695776422536.877197
fn402_1,1695776422537.738281,1695776422538.461670,1695776422539.158936,1695776422539.387695,1695776422571.258789,1695776422595.950928,1695776422595.965576,1695776422601.313477,1695776422601.767822
fn399_1,1695776422314.160889,1695776422314.357178,1695776422314.620361,1695776422314.684326,1695776422593.638672,1695776422604.971191,1695776422605.396240,1695776422609.260742,1695776422609.925049
fn403_1,1695776422602.379150,1695776422602.567383,1695776422602.879639,1695776422602.990967,1695776422632.283691,1695776422627.706787,1695776422629.739746,1695776422635.009033,1695776422635.623535
fn404_1,1695776422610.458252,1695776422610.624756,1695776422610.861572,1695776422610.924561,1695776422639.938721,1695776422637.131836,1695776422637.627930,1695776422644.991699,1695776422645.519287
fn398_1,1695776422273.485352,1695776422282.025146,1695776422282.401367,1695776422282.507324,1695776422306.092041,1695776422314.997314,1695776422663.500488,1695776422668.587158,1695776422669.169678
fn406_1,1695776422650.347168,1695776422650.676025,1695776422651.055664,1695776422651.145264,1695776422671.343750,1695776422676.497314,1695776422698.617432,1695776422702.806641,1695776422704.215820
fn407_1,1695776422669.726562,1695776422669.992432,1695776422670.316650,1695776422670.369385,1695776422699.656250,1695776422693.502686,1695776422693.515625,1695776422702.421631,1695776422704.207031
fn409_1,1695776422705.732910,1695776422707.454834,1695776422707.785400,1695776422708.004639,1695776422750.126221,1695776422748.970703,1695776422752.309570,1695776422757.370850,1695776422758.575195
fn387_1,1695776421770.302734,1695776421770.516602,1695776421770.808350,1695776421770.885010,1695776422838.421387,1695776422837.639404,1695776422837.656006,1695776422851.558838,1695776422855.733643
fn408_1,1695776422705.723389,1695776422706.054932,1695776422706.530273,1695776422706.685791,1695776422723.755859,1695776422734.529785,1695776423003.194336,1695776423010.382324,1695776423011.175049
fn410_1,1695776422759.852051,1695776422762.590820,1695776422766.218018,1695776422766.304443,1695776423124.098633,1695776423135.621338,1695776423295.664307,1695776423310.401367,1695776423311.005127
fn401_1,1695776422537.648682,1695776422539.715332,1695776422540.178467,1695776422540.354736,1695776423314.713623,1695776423324.516357,1695776423334.387939,1695776423351.752197,1695776423352.663818
fn413_1,1695776423314.185547,1695776423314.617188,1695776423315.436768,1695776423320.025391,1695776423334.623535,1695776423345.178467,1695776423383.115967,1695776423387.025635,1695776423387.798584
fn414_1,1695776423353.266357,1695776423353.524902,1695776423357.978027,1695776423358.140625,1695776423392.033691,1695776423372.339111,1695776423377.353516,1695776423421.065430,1695776423421.642334
fn415_1,1695776423388.348389,1695776423388.521240,1695776423388.808105,1695776423388.870117,1695776423398.151367,1695776423419.997559,1695776423421.255615,1695776423426.462891,1695776423427.569336
fn412_1,1695776423011.754395,1695776423011.910645,1695776423012.218262,1695776423012.283691,1695776423064.690186,1695776423078.654297,1695776423421.169922,1695776423425.467529,1695776423426.597412
fn418_1,1695776423428.357178,1695776423429.756104,1695776423430.095459,1695776423430.226807,1695776423474.259766,1695776423477.989014,1695776423478.686768,1695776423482.831787,1695776423490.019043
fn416_1,1695776423423.197021,1695776423423.500000,1695776423424.013672,1695776423424.145996,1695776423474.157471,1695776423482.537842,1695776423503.213135,1695776423524.247314,1695776423526.479980
fn417_1,1695776423428.216553,1695776423428.960205,1695776423429.347412,1695776423429.470459,1695776423469.493896,1695776423485.893555,1695776423529.424072,1695776423533.392578,1695776423537.988281
fn419_1,1695776423490.599609,1695776423490.847900,1695776423491.240967,1695776423491.308838,1695776423532.289062,1695776423515.208740,1695776423553.383301,1695776423559.102295,1695776423562.366699
fn421_1,1695776423541.910889,1695776423542.129883,1695776423542.415283,1695776423542.488037,1695776423554.826172,1695776423556.905029,1695776423559.696777,1695776423588.444580,1695776423590.128174
fn420_1,1695776423526.979248,1695776423527.374756,1695776423527.805908,1695776423527.909912,1695776423554.483398,1695776423549.945068,1695776423640.591309,1695776423644.559326,1695776423645.252197
fn423_1,1695776423590.732178,1695776423590.981445,1695776423591.311768,1695776423591.399414,1695776423643.369141,1695776423646.722900,1695776423648.903320,1695776423667.608154,1695776423668.434570
fn424_1,1695776423645.743652,1695776423645.917969,1695776423646.215820,1695776423646.280029,1695776423679.211914,1695776423670.517578,1695776423693.659424,1695776423702.812988,1695776423703.433594
fn405_1,1695776422638.330078,1695776422638.604004,1695776422638.971924,1695776422639.028320,1695776422972.654785,1695776422978.864014,1695776423734.185547,1695776423737.563477,1695776423738.467285
fn425_1,1695776423674.793945,1695776423675.261719,1695776423675.663818,1695776423675.797363,1695776423714.090332,1695776423706.291992,1695776423769.111084,1695776423772.404541,1695776423773.025391
fn426_1,1695776423704.270508,1695776423704.457764,1695776423704.776855,1695776423704.857422,1695776423769.512695,1695776423785.021729,1695776423811.658936,1695776423815.924805,1695776423816.856201
fn428_1,1695776423773.558350,1695776423773.881348,1695776423774.498291,1695776423774.620361,1695776423785.265625,1695776423824.248047,1695776423853.085449,1695776423856.648438,1695776423861.364258
fn429_1,1695776423817.473877,1695776423817.790771,1695776423818.219971,1695776423818.373535,1695776423863.503418,1695776423878.186035,1695776423880.125244,1695776423885.258789,1695776423890.031250
fn422_1,1695776423562.946045,1695776423566.186768,1695776423566.716064,1695776423566.816406,1695776423823.446045,1695776423828.072998,1695776423906.202393,1695776423908.506104,1695776423909.134766
fn427_1,1695776423739.029785,1695776423742.001221,1695776423742.404541,1695776423742.499512,1695776423835.975586,1695776423836.699707,1695776423909.332520,1695776423929.513184,1695776423933.810059
fn432_1,1695776423909.675293,1695776423909.830566,1695776423910.136719,1695776423910.207520,1695776423933.969482,1695776423936.397217,1695776423938.492188,1695776423952.117432,1695776423956.935059
fn430_1,1695776423862.029785,1695776423862.209717,1695776423862.491211,1695776423862.588135,1695776423916.232666,1695776423929.575928,1695776423959.017822,1695776423970.333008,1695776423971.054443
fn433_1,1695776423934.471680,1695776423934.631836,1695776423934.904541,1695776423934.971436,1695776423981.029541,1695776423974.715820,1695776423977.170410,1695776423986.142090,1695776423986.800537
fn434_1,1695776423957.999268,1695776423958.195801,1695776423958.493164,1695776423958.550293,1695776423980.976074,1695776423987.033203,1695776423987.037598,1695776423991.462646,1695776423991.974609
fn431_1,1695776423890.760742,1695776423891.105225,1695776423892.167480,1695776423892.249512,1695776423953.394287,1695776423954.140137,1695776423988.417969,1695776424000.402832,1695776424001.967529
fn436_1,1695776423987.619629,1695776423987.834961,1695776423988.186768,1695776423988.256348,1695776424002.950928,1695776424035.313477,1695776424035.324219,1695776424041.124023,1695776424042.226074
fn435_1,1695776423978.293701,1695776423978.658936,1695776423979.048340,1695776423979.135010,1695776424015.733154,1695776424020.791748,1695776424047.917725,1695776424051.900146,1695776424065.246094
fn438_1,1695776424004.073975,1695776424004.355469,1695776424004.685547,1695776424004.765625,1695776424032.722168,1695776424053.271484,1695776424059.486572,1695776424064.253906,1695776424065.166992
fn437_1,1695776424002.370117,1695776424002.599854,1695776424003.040527,1695776424003.109375,1695776424016.629395,1695776424020.780762,1695776424116.070801,1695776424120.140381,1695776424121.976807
fn439_1,1695776424042.667725,1695776424042.839600,1695776424043.105469,1695776424043.170166,1695776424080.083740,1695776424076.842041,1695776424133.799316,1695776424137.297607,1695776424137.777832
fn440_1,1695776424065.718262,1695776424066.012451,1695776424066.344482,1695776424066.382080,1695776424103.017334,1695776424091.785889,1695776424137.943359,1695776424140.772217,1695776424141.142578
fn442_1,1695776424122.527832,1695776424122.707764,1695776424122.998291,1695776424123.067871,1695776424156.143555,1695776424166.997314,1695776424172.979980,1695776424204.778076,1695776424205.412109
fn444_1,1695776424141.568604,1695776424141.725586,1695776424142.011719,1695776424142.074951,1695776424199.619873,1695776424200.203369,1695776424202.679688,1695776424210.977051,1695776424212.095459
fn445_1,1695776424206.359619,1695776424206.755127,1695776424207.290039,1695776424207.436035,1695776424240.491943,1695776424239.803223,1695776424242.669922,1695776424259.739502,1695776424260.556152
fn411_1,1695776422856.856689,1695776422857.225830,1695776422857.753662,1695776422857.881348,1695776423264.651855,1695776423268.066895,1695776424272.515869,1695776424275.706055,1695776424276.286865
fn441_1,1695776424065.783691,1695776424065.956543,1695776424066.262939,1695776424066.308594,1695776424082.238281,1695776424098.950195,1695776424331.161377,1695776424344.769287,1695776424346.135254
fn448_1,1695776424277.186523,1695776424278.726562,1695776424279.167236,1695776424279.376465,1695776424333.770264,1695776424335.893311,1695776424339.922119,1695776424343.844482,1695776424347.113037
fn450_1,1695776424347.910889,1695776424350.021240,1695776424350.428711,1695776424350.516113,1695776424387.922363,1695776424364.952148,1695776424364.956055,1695776424390.129395,1695776424394.817871
fn451_1,1695776424395.387695,1695776424395.569092,1695776424395.896973,1695776424395.962891,1695776424451.169189,1695776424428.785400,1695776424428.795898,1695776424457.795166,1695776424460.095215
fn447_1,1695776424261.496826,1695776424261.798828,1695776424266.154297,1695776424266.228760,1695776424573.343994,1695776424578.507080,1695776424795.156494,1695776424802.847900,1695776424803.540283
fn446_1,1695776424212.921387,1695776424213.302490,1695776424214.229492,1695776424214.288818,1695776424842.310303,1695776424826.752686,1695776424826.760010,1695776424859.802490,1695776424867.322998
fn453_1,1695776424804.069824,1695776424804.232178,1695776424804.505371,1695776424804.590332,1695776424827.293213,1695776424832.403076,1695776424873.433838,1695776424877.953613,1695776424881.945312
fn452_1,1695776424466.657227,1695776424466.907227,1695776424467.266846,1695776424467.340332,1695776424570.934570,1695776424593.015137,1695776424891.825684,1695776424894.767090,1695776424895.189453
fn454_1,1695776424870.192871,1695776424874.013672,1695776424874.297363,1695776424874.346924,1695776424911.822998,1695776424913.968994,1695776424915.439697,1695776424922.632080,1695776424923.200928
fn456_1,1695776424898.130615,1695776424900.340332,1695776424900.599121,1695776424900.652588,1695776424948.483398,1695776424944.372314,1695776424944.376953,1695776424951.433838,1695776424952.110352
fn457_1,1695776424930.482422,1695776424930.819336,1695776424931.218506,1695776424931.343750,1695776424963.002686,1695776424962.607910,1695776424967.266357,1695776424976.033691,1695776424976.434570
fn455_1,1695776424886.181396,1695776424886.414307,1695776424886.714111,1695776424886.783203,1695776424924.399658,1695776424915.529785,1695776424970.718018,1695776424974.403076,1695776424974.827148
fn459_1,1695776424978.330078,1695776424978.696777,1695776424979.269531,1695776424980.253906,1695776425003.918701,1695776425005.127441,1695776425005.143311,1695776425023.986084,1695776425024.636719
fn458_1,1695776424954.161621,1695776424954.410400,1695776424955.029053,1695776424955.130127,1695776425005.858398,1695776424995.674561,1695776425017.530762,1695776425028.502197,1695776425034.197754
fn461_1,1695776425026.276855,1695776425026.604736,1695776425027.053467,1695776425027.134277,1695776425083.826172,1695776425064.259033,1695776425065.083740,1695776425086.779785,1695776425098.225586
fn460_1,1695776424978.391846,1695776424978.893066,1695776424979.175049,1695776424979.369873,1695776425083.555176,1695776425087.150146,1695776425087.183594,1695776425100.952148,1695776425101.700928
fn464_1,1695776425104.716309,1695776425104.991211,1695776425105.471191,1695776425105.572754,1695776425149.491211,1695776425158.102783,1695776425158.111328,1695776425161.714111,1695776425162.265137
fn463_1,1695776425098.823486,1695776425099.042236,1695776425099.489746,1695776425099.595215,1695776425156.955566,1695776425174.205811,1695776425175.678223,1695776425196.434082,1695776425201.999023
fn462_1,1695776425035.588379,1695776425035.759766,1695776425036.098877,1695776425036.169189,1695776425082.233887,1695776425091.225586,1695776425309.008789,1695776425314.040527,1695776425318.624023
fn449_1,1695776424347.632812,1695776424351.359863,1695776424358.230469,1695776424358.307617,1695776425410.484375,1695776425418.141357,1695776425443.770752,1695776425448.729004,1695776425449.674072
fn467_1,1695776425346.315430,1695776425346.633545,1695776425347.515381,1695776425347.586914,1695776425418.235107,1695776425418.099365,1695776425462.788818,1695776425474.164551,1695776425474.879150
fn468_1,1695776425450.284424,1695776425450.535645,1695776425450.945068,1695776425451.004883,1695776425489.215088,1695776425499.993652,1695776425502.968506,1695776425507.783936,1695776425508.436523
fn469_1,1695776425476.139404,1695776425476.479248,1695776425476.894775,1695776425476.998535,1695776425510.033691,1695776425497.014404,1695776425526.042969,1695776425535.483398,1695776425546.333008
fn470_1,1695776425510.456543,1695776425510.619141,1695776425511.353027,1695776425511.399902,1695776425521.746094,1695776425533.348633,1695776425533.357910,1695776425540.073975,1695776425545.991211
fn472_1,1695776425546.947021,1695776425547.692627,1695776425547.918701,1695776425547.950439,1695776425570.931885,1695776425563.916504,1695776425628.332031,1695776425632.407227,1695776425633.016846
fn473_1,1695776425634.189209,1695776425634.420898,1695776425634.830811,1695776425634.933105,1695776425670.935303,1695776425695.524902,1695776425695.527100,1695776425700.400635,1695776425704.605225
fn471_1,1695776425546.851074,1695776425547.095703,1695776425547.399658,1695776425547.468994,1695776425599.683594,1695776425600.160400,1695776425765.458984,1695776425768.942383,1695776425769.812744
fn474_1,1695776425705.184570,1695776425705.337158,1695776425705.600586,1695776425705.660889,1695776425773.725830,1695776425770.811279,1695776425771.243896,1695776425794.430176,1695776425795.128174
fn443_1,1695776424138.727051,1695776424138.898926,1695776424139.281982,1695776424139.370850,1695776425771.229248,1695776425795.250732,1695776425795.272217,1695776425809.166992,1695776425809.771973
fn475_1,1695776425770.912842,1695776425771.137939,1695776425771.419434,1695776425771.460938,1695776425818.145264,1695776425793.614746,1695776425817.447021,1695776425823.967041,1695776425824.488281
fn478_1,1695776425825.354980,1695776425825.547607,1695776425825.975586,1695776425826.043457,1695776425854.504639,1695776425845.399414,1695776425934.922607,1695776425937.973877,1695776425938.524414
fn465_1,1695776425165.943848,1695776425166.179932,1695776425166.453369,1695776425166.505371,1695776426094.982910,1695776426090.170166,1695776426200.608643,1695776426213.696533,1695776426215.013184
fn476_1,1695776425798.244873,1695776425798.478760,1695776425798.941650,1695776425799.039551,1695776426191.312500,1695776426216.038574,1695776426216.046631,1695776426224.184814,1695776426224.941650
fn481_1,1695776426225.770508,1695776426226.045166,1695776426226.432617,1695776426226.528564,1695776426314.884033,1695776426283.961426,1695776426321.304199,1695776426329.014648,1695776426330.274414
fn479_1,1695776425938.941650,1695776425939.080566,1695776425939.368408,1695776425939.434082,1695776425974.494141,1695776425988.075684,1695776426350.085938,1695776426353.821289,1695776426354.832275
fn482_1,1695776426331.666992,1695776426331.931641,1695776426332.324463,1695776426332.424561,1695776426351.387451,1695776426352.351562,1695776426356.550293,1695776426360.916016,1695776426362.112793
fn483_1,1695776426355.511963,1695776426355.733398,1695776426356.093750,1695776426356.181152,1695776426382.548340,1695776426404.890381,1695776426408.129639,1695776426445.583984,1695776426455.648926
fn484_1,1695776426363.174072,1695776426363.427002,1695776426364.606201,1695776426364.786133,1695776426433.079834,1695776426393.992432,1695776426438.421387,1695776426448.644287,1695776426455.073975
fn485_1,1695776426456.591553,1695776426456.859619,1695776426457.445312,1695776426457.568359,1695776426528.279053,1695776426568.466797,1695776426579.109131,1695776426597.883057,1695776426602.304688
fn480_1,1695776426222.407471,1695776426222.776123,1695776426223.211426,1695776426223.312744,1695776426639.735596,1695776426661.404297,1695776426664.506104,1695776426692.183594,1695776426693.701172
fn466_1,1695776425203.187744,1695776425203.424561,1695776425203.796631,1695776425203.886475,1695776425653.935547,1695776425675.239990,1695776426766.932129,1695776426785.439941,1695776426786.449951
fn487_1,1695776426606.197266,1695776426606.612793,1695776426607.029053,1695776426607.172607,1695776426677.687256,1695776426668.007080,1695776426788.636963,1695776426799.264893,1695776426802.290283
fn486_1,1695776426457.975830,1695776426458.351318,1695776426458.835449,1695776426458.952881,1695776426530.134521,1695776426544.798584,1695776426806.379395,1695776426809.917480,1695776426812.469482
fn488_1,1695776426694.500000,1695776426694.783447,1695776426695.728760,1695776426695.824463,1695776426750.625732,1695776426765.109863,1695776426838.164551,1695776426842.280029,1695776426843.364258
fn491_1,1695776426813.891846,1695776426814.130615,1695776426814.604492,1695776426814.684082,1695776426916.704590,1695776426909.456787,1695776426966.950684,1695776426976.769043,1695776426978.183350
fn493_1,1695776426979.341797,1695776426979.672607,1695776426980.175781,1695776426980.257568,1695776427028.612061,1695776427029.735352,1695776427070.598145,1695776427073.976807,1695776427074.773926
fn490_1,1695776426803.234131,1695776426803.534912,1695776426804.183105,1695776426804.271973,1695776426911.532715,1695776426916.785156,1695776427139.675781,1695776427143.579590,1695776427144.148682
fn492_1,1695776426844.765137,1695776426845.364014,1695776426846.106689,1695776426846.197998,1695776426945.354980,1695776426920.947754,1695776427150.552490,1695776427157.955078,1695776427166.655029
fn495_1,1695776427144.813721,1695776427144.969238,1695776427145.233154,1695776427145.280518,1695776427178.191895,1695776427195.194824,1695776427215.910645,1695776427219.760986,1695776427220.404541
fn497_1,1695776427220.947021,1695776427221.270264,1695776427221.948975,1695776427222.130615,1695776427261.955811,1695776427274.670654,1695776427303.022217,1695776427306.556152,1695776427310.612061
fn489_1,1695776426790.425049,1695776426790.990967,1695776426792.160400,1695776426792.235352,1695776427258.135010,1695776427260.730469,1695776427281.949951,1695776427301.543701,1695776427310.033203
fn498_1,1695776427311.589355,1695776427311.793457,1695776427312.072754,1695776427312.142578,1695776427353.990234,1695776427359.427734,1695776427426.152344,1695776427429.922363,1695776427434.415771
fn500_1,1695776427434.953125,1695776427437.997070,1695776427438.272949,1695776427438.337646,1695776427490.296875,1695776427504.637695,1695776427507.130127,1695776427512.506592,1695776427518.479248
fn494_1,1695776427075.634277,1695776427075.904541,1695776427076.360352,1695776427076.468750,1695776427677.083740,1695776427679.672363,1695776427679.680176,1695776427684.494141,1695776427685.206543
fn496_1,1695776427170.172119,1695776427170.427734,1695776427170.727539,1695776427170.849609,1695776427665.993896,1695776427666.555420,1695776427854.928955,1695776427857.692627,1695776427858.323975
fn477_1,1695776425810.491699,1695776425810.677734,1695776425810.971924,1695776425811.027100,1695776426086.809814,1695776426085.912109,1695776428212.933838,1695776428215.671387,1695776428216.325439
fn499_1,1695776427311.632324,1695776427312.380127,1695776427312.650391,1695776427312.707520,1695776428550.571289,1695776428552.821777,1695776428552.828857,1695776428558.595215,1695776428559.315674
